<?xml version="1.0" encoding="UTF-8"?>
<osm version="0.6" generator="openstreetmap-cgimap 2.1.0 (3498734 spike-06.openstreetmap.org)" copyright="OpenStreetMap and contributors" attribution="http://www.openstreetmap.org/copyright" license="http://opendatacommons.org/licenses/odbl/1-0/">
 <bounds minlat="49.0327090" minlon="2.0659020" maxlat="49.0345940" maxlon="2.0679510"/>
 <node id="130040099" visible="true" version="11" changeset="50407267" timestamp="2017-07-19T14:16:44Z" user="ika-chan!" uid="4763179" lat="49.0342342" lon="2.0676456"/>
 <node id="130040100" visible="true" version="8" changeset="165156960" timestamp="2025-04-19T14:42:20Z" user="yargil" uid="157949" lat="49.0332190" lon="2.0660690">
  <tag k="direction" v="backward"/>
  <tag k="highway" v="stop"/>
 </node>
 <node id="130040101" visible="true" version="11" changeset="138976215" timestamp="2023-07-25T08:41:50Z" user="patman37" uid="311391" lat="49.0323116" lon="2.0639931"/>
 <node id="221138670" visible="true" version="7" changeset="117830596" timestamp="2022-02-24T23:23:40Z" user="Furdrien" uid="6696140" lat="49.0342934" lon="2.0675416"/>
 <node id="221138675" visible="true" version="5" changeset="117830596" timestamp="2022-02-24T23:23:40Z" user="Furdrien" uid="6696140" lat="49.0332245" lon="2.0659878"/>
 <node id="221138741" visible="true" version="8" changeset="144866899" timestamp="2023-12-07T13:13:57Z" user="Furdrien" uid="6696140" lat="49.0346018" lon="2.0679620"/>
 <node id="221138761" visible="true" version="4" changeset="117830596" timestamp="2022-02-24T23:23:40Z" user="Furdrien" uid="6696140" lat="49.0335034" lon="2.0665830"/>
 <node id="221138763" visible="true" version="6" changeset="117830596" timestamp="2022-02-24T23:23:40Z" user="Furdrien" uid="6696140" lat="49.0334189" lon="2.0672893"/>
 <node id="221138769" visible="true" version="2" changeset="117830596" timestamp="2022-02-24T23:23:40Z" user="Furdrien" uid="6696140" lat="49.0319466" lon="2.0686409"/>
 <node id="221138793" visible="true" version="7" changeset="117830596" timestamp="2022-02-24T23:23:40Z" user="Furdrien" uid="6696140" lat="49.0338173" lon="2.0670806"/>
 <node id="221138796" visible="true" version="8" changeset="117830596" timestamp="2022-02-24T23:23:40Z" user="Furdrien" uid="6696140" lat="49.0342412" lon="2.0674743"/>
 <node id="221346263" visible="true" version="11" changeset="40403801" timestamp="2016-06-30T21:39:36Z" user="Deuar" uid="3630009" lat="49.0336568" lon="2.0675536"/>
 <node id="221346269" visible="true" version="11" changeset="145017752" timestamp="2023-12-11T23:40:29Z" user="Furdrien" uid="6696140" lat="49.0334244" lon="2.0676675"/>
 <node id="221433883" visible="true" version="3" changeset="3630695" timestamp="2010-01-16T11:50:20Z" user="yargil" uid="157949" lat="49.0337015" lon="2.0720233"/>
 <node id="221433887" visible="true" version="4" changeset="73897524" timestamp="2019-08-29T19:55:30Z" user="Furdrien" uid="6696140" lat="49.0336063" lon="2.0718370"/>
 <node id="221433892" visible="true" version="3" changeset="73897524" timestamp="2019-08-29T19:55:30Z" user="Furdrien" uid="6696140" lat="49.0336457" lon="2.0715280"/>
 <node id="221433898" visible="true" version="4" changeset="73897524" timestamp="2019-08-29T19:55:30Z" user="Furdrien" uid="6696140" lat="49.0336103" lon="2.0699750"/>
 <node id="221433906" visible="true" version="3" changeset="73897524" timestamp="2019-08-29T19:55:30Z" user="Furdrien" uid="6696140" lat="49.0336644" lon="2.0710461"/>
 <node id="221551482" visible="true" version="2" changeset="3635944" timestamp="2010-01-16T21:34:50Z" user="yargil" uid="157949" lat="49.0354843" lon="2.0655423"/>
 <node id="221551496" visible="true" version="3" changeset="21667373" timestamp="2014-04-13T15:34:50Z" user="yargil" uid="157949" lat="49.0360552" lon="2.0652933"/>
 <node id="221551516" visible="true" version="3" changeset="21667373" timestamp="2014-04-13T15:34:50Z" user="yargil" uid="157949" lat="49.0357790" lon="2.0654222"/>
 <node id="274292777" visible="true" version="4" changeset="117830596" timestamp="2022-02-24T23:23:40Z" user="Furdrien" uid="6696140" lat="49.0337898" lon="2.0667914"/>
 <node id="274292783" visible="true" version="3" changeset="87251629" timestamp="2020-06-28T14:19:43Z" user="Zatigem" uid="8126399" lat="49.0380064" lon="2.0643646"/>
 <node id="274292784" visible="true" version="3" changeset="9974953" timestamp="2011-11-28T07:00:27Z" user="Meersbrook" uid="412560" lat="49.0386188" lon="2.0640942"/>
 <node id="274292785" visible="true" version="2" changeset="3635944" timestamp="2010-01-16T21:34:48Z" user="yargil" uid="157949" lat="49.0388540" lon="2.0639889"/>
 <node id="274292788" visible="true" version="2" changeset="85127166" timestamp="2020-05-13T07:30:43Z" user="simon_geovelo" uid="6654756" lat="49.0416162" lon="2.0627015"/>
 <node id="275038415" visible="true" version="2" changeset="3638997" timestamp="2010-01-17T09:54:10Z" user="yargil" uid="157949" lat="49.0330886" lon="2.0662859"/>
 <node id="305379558" visible="true" version="6" changeset="145017752" timestamp="2023-12-11T23:40:29Z" user="Furdrien" uid="6696140" lat="49.0334276" lon="2.0692170"/>
 <node id="406809940" visible="true" version="2" changeset="144866899" timestamp="2023-12-07T13:13:57Z" user="Furdrien" uid="6696140" lat="49.0348630" lon="2.0639969"/>
 <node id="406809945" visible="true" version="2" changeset="3635944" timestamp="2010-01-16T21:34:47Z" user="yargil" uid="157949" lat="49.0341046" lon="2.0647872"/>
 <node id="406809948" visible="true" version="3" changeset="59708241" timestamp="2018-06-10T10:30:25Z" user="Furdrien" uid="6696140" lat="49.0333707" lon="2.0658579"/>
 <node id="406809952" visible="true" version="2" changeset="53006478" timestamp="2017-10-17T10:21:03Z" user="simon_geovelo" uid="6654756" lat="49.0339084" lon="2.0667716"/>
 <node id="406809955" visible="true" version="3" changeset="144866899" timestamp="2023-12-07T13:13:57Z" user="Furdrien" uid="6696140" lat="49.0346887" lon="2.0677789"/>
 <node id="406809960" visible="true" version="3" changeset="117830596" timestamp="2022-02-24T23:23:40Z" user="Furdrien" uid="6696140" lat="49.0334358" lon="2.0659996"/>
 <node id="406809963" visible="true" version="9" changeset="160901899" timestamp="2025-01-02T11:08:33Z" user="Nzau" uid="15118949" lat="49.0333553" lon="2.0661280">
  <tag k="crossing" v="marked"/>
  <tag k="crossing:island" v="no"/>
  <tag k="crossing:markings" v="zebra"/>
  <tag k="highway" v="crossing"/>
  <tag k="tactile_paving" v="no"/>
 </node>
 <node id="406809967" visible="true" version="9" changeset="160901899" timestamp="2025-01-02T11:08:33Z" user="Nzau" uid="15118949" lat="49.0332966" lon="2.0662041">
  <tag k="crossing" v="marked"/>
  <tag k="crossing:markings" v="zebra"/>
  <tag k="highway" v="crossing"/>
  <tag k="tactile_paving" v="no"/>
 </node>
 <node id="534644563" visible="true" version="3" changeset="123607750" timestamp="2022-07-14T12:24:19Z" user="Furdrien" uid="6696140" lat="49.0407108" lon="2.0631414"/>
 <node id="591961529" visible="true" version="9" changeset="160901899" timestamp="2025-01-02T11:08:36Z" user="Nzau" uid="15118949" lat="49.0336072" lon="2.0692876">
  <tag k="crossing" v="marked"/>
  <tag k="crossing:island" v="no"/>
  <tag k="crossing:markings" v="zebra"/>
  <tag k="highway" v="crossing"/>
  <tag k="kerb" v="lowered"/>
  <tag k="tactile_paving" v="no"/>
 </node>
 <node id="614976561" visible="true" version="1" changeset="3635944" timestamp="2010-01-16T21:34:15Z" user="yargil" uid="157949" lat="49.0323256" lon="2.0646829"/>
 <node id="614976572" visible="true" version="1" changeset="3635944" timestamp="2010-01-16T21:34:15Z" user="yargil" uid="157949" lat="49.0319853" lon="2.0651357"/>
 <node id="614976573" visible="true" version="1" changeset="3635944" timestamp="2010-01-16T21:34:15Z" user="yargil" uid="157949" lat="49.0322583" lon="2.0648224"/>
 <node id="614976577" visible="true" version="1" changeset="3635944" timestamp="2010-01-16T21:34:15Z" user="yargil" uid="157949" lat="49.0325787" lon="2.0654151"/>
 <node id="614976578" visible="true" version="2" changeset="117830596" timestamp="2022-02-24T23:23:40Z" user="Furdrien" uid="6696140" lat="49.0328097" lon="2.0651439"/>
 <node id="614976606" visible="true" version="1" changeset="3635944" timestamp="2010-01-16T21:34:17Z" user="yargil" uid="157949" lat="49.0316172" lon="2.0657423"/>
 <node id="614976615" visible="true" version="1" changeset="3635944" timestamp="2010-01-16T21:34:18Z" user="yargil" uid="157949" lat="49.0317526" lon="2.0682968"/>
 <node id="614976616" visible="true" version="1" changeset="3635944" timestamp="2010-01-16T21:34:18Z" user="yargil" uid="157949" lat="49.0317345" lon="2.0683588"/>
 <node id="614976663" visible="true" version="1" changeset="3635944" timestamp="2010-01-16T21:34:20Z" user="yargil" uid="157949" lat="49.0327038" lon="2.0665789"/>
 <node id="614976664" visible="true" version="2" changeset="165156960" timestamp="2025-04-19T14:42:20Z" user="yargil" uid="157949" lat="49.0328809" lon="2.0665151"/>
 <node id="614976665" visible="true" version="1" changeset="3635944" timestamp="2010-01-16T21:34:20Z" user="yargil" uid="157949" lat="49.0329924" lon="2.0661775"/>
 <node id="614976666" visible="true" version="2" changeset="128651261" timestamp="2022-11-08T17:38:42Z" user="Furdrien" uid="6696140" lat="49.0330213" lon="2.0664273"/>
 <node id="614976667" visible="true" version="1" changeset="3635944" timestamp="2010-01-16T21:34:20Z" user="yargil" uid="157949" lat="49.0331133" lon="2.0661534"/>
 <node id="614976668" visible="true" version="3" changeset="165156960" timestamp="2025-04-19T14:42:20Z" user="yargil" uid="157949" lat="49.0330489" lon="2.0662785"/>
 <node id="614976669" visible="true" version="2" changeset="128651261" timestamp="2022-11-08T17:38:42Z" user="Furdrien" uid="6696140" lat="49.0331265" lon="2.0666944"/>
 <node id="614976673" visible="true" version="2" changeset="128651261" timestamp="2022-11-08T17:38:42Z" user="Furdrien" uid="6696140" lat="49.0325469" lon="2.0670987"/>
 <node id="614976674" visible="true" version="2" changeset="128651261" timestamp="2022-11-08T17:38:42Z" user="Furdrien" uid="6696140" lat="49.0331436" lon="2.0668215"/>
 <node id="614976675" visible="true" version="2" changeset="128651261" timestamp="2022-11-08T17:38:42Z" user="Furdrien" uid="6696140" lat="49.0331220" lon="2.0668841"/>
 <node id="614976676" visible="true" version="2" changeset="128651261" timestamp="2022-11-08T17:38:42Z" user="Furdrien" uid="6696140" lat="49.0329193" lon="2.0670763"/>
 <node id="614976677" visible="true" version="2" changeset="128651261" timestamp="2022-11-08T17:38:42Z" user="Furdrien" uid="6696140" lat="49.0328069" lon="2.0672501"/>
 <node id="614976678" visible="true" version="2" changeset="128651261" timestamp="2022-11-08T17:38:42Z" user="Furdrien" uid="6696140" lat="49.0326963" lon="2.0673014"/>
 <node id="614976679" visible="true" version="5" changeset="145017752" timestamp="2023-12-11T23:40:29Z" user="Furdrien" uid="6696140" lat="49.0333437" lon="2.0675444"/>
 <node id="614976680" visible="true" version="1" changeset="3635944" timestamp="2010-01-16T21:34:21Z" user="yargil" uid="157949" lat="49.0337413" lon="2.0665509"/>
 <node id="614976681" visible="true" version="1" changeset="3635944" timestamp="2010-01-16T21:34:21Z" user="yargil" uid="157949" lat="49.0340107" lon="2.0662092"/>
 <node id="614976682" visible="true" version="1" changeset="3635944" timestamp="2010-01-16T21:34:21Z" user="yargil" uid="157949" lat="49.0345253" lon="2.0663295"/>
 <node id="614976683" visible="true" version="4" changeset="40403801" timestamp="2016-06-30T21:39:37Z" user="Deuar" uid="3630009" lat="49.0335635" lon="2.0672536"/>
 <node id="614976699" visible="true" version="3" changeset="144866899" timestamp="2023-12-07T13:13:57Z" user="Furdrien" uid="6696140" lat="49.0348260" lon="2.0668582"/>
 <node id="1146201428" visible="true" version="2" changeset="117830596" timestamp="2022-02-24T23:23:40Z" user="Furdrien" uid="6696140" lat="49.0330092" lon="2.0680706"/>
 <node id="1146201434" visible="true" version="2" changeset="117830596" timestamp="2022-02-24T23:23:40Z" user="Furdrien" uid="6696140" lat="49.0331021" lon="2.0679008"/>
 <node id="1146201514" visible="true" version="2" changeset="117830596" timestamp="2022-02-24T23:23:40Z" user="Furdrien" uid="6696140" lat="49.0331810" lon="2.0680384"/>
 <node id="1146201663" visible="true" version="2" changeset="117830596" timestamp="2022-02-24T23:23:40Z" user="Furdrien" uid="6696140" lat="49.0331832" lon="2.0681812"/>
 <node id="1146201748" visible="true" version="2" changeset="117830596" timestamp="2022-02-24T23:23:40Z" user="Furdrien" uid="6696140" lat="49.0330568" lon="2.0681574"/>
 <node id="1146201756" visible="true" version="2" changeset="117830596" timestamp="2022-02-24T23:23:40Z" user="Furdrien" uid="6696140" lat="49.0330481" lon="2.0679269"/>
 <node id="1146201832" visible="true" version="1" changeset="7250452" timestamp="2011-02-10T22:27:40Z" user="yargil" uid="157949" lat="49.0331571" lon="2.0679423"/>
 <node id="1146201906" visible="true" version="2" changeset="40403801" timestamp="2016-06-30T21:39:36Z" user="Deuar" uid="3630009" lat="49.0331921" lon="2.0692906"/>
 <node id="1146202123" visible="true" version="2" changeset="117830596" timestamp="2022-02-24T23:23:40Z" user="Furdrien" uid="6696140" lat="49.0331208" lon="2.0681838"/>
 <node id="1146202129" visible="true" version="2" changeset="117830596" timestamp="2022-02-24T23:23:40Z" user="Furdrien" uid="6696140" lat="49.0330143" lon="2.0679850"/>
 <node id="1147993813" visible="true" version="1" changeset="7259383" timestamp="2011-02-11T21:21:16Z" user="yargil" uid="157949" lat="49.0375245" lon="2.0645855"/>
 <node id="1188857368" visible="true" version="1" changeset="7470909" timestamp="2011-03-06T09:19:26Z" user="yargil" uid="157949" lat="49.0344220" lon="2.0661870"/>
 <node id="1188858054" visible="true" version="1" changeset="7470909" timestamp="2011-03-06T09:19:50Z" user="yargil" uid="157949" lat="49.0340980" lon="2.0677680"/>
 <node id="1188858415" visible="true" version="1" changeset="7470909" timestamp="2011-03-06T09:20:32Z" user="yargil" uid="157949" lat="49.0345710" lon="2.0673320"/>
 <node id="1188858546" visible="true" version="1" changeset="7470909" timestamp="2011-03-06T09:20:42Z" user="yargil" uid="157949" lat="49.0339260" lon="2.0663960"/>
 <node id="1188858728" visible="true" version="1" changeset="7470909" timestamp="2011-03-06T09:20:48Z" user="yargil" uid="157949" lat="49.0330930" lon="2.0670740"/>
 <node id="1188859112" visible="true" version="1" changeset="7470909" timestamp="2011-03-06T09:21:04Z" user="yargil" uid="157949" lat="49.0333720" lon="2.0668090"/>
 <node id="1188859283" visible="true" version="1" changeset="7470909" timestamp="2011-03-06T09:21:10Z" user="yargil" uid="157949" lat="49.0326410" lon="2.0661930"/>
 <node id="1188859476" visible="true" version="1" changeset="7470909" timestamp="2011-03-06T09:21:18Z" user="yargil" uid="157949" lat="49.0344170" lon="2.0681080"/>
 <node id="1188859574" visible="true" version="1" changeset="7470909" timestamp="2011-03-06T09:21:24Z" user="yargil" uid="157949" lat="49.0345050" lon="2.0659340"/>
 <node id="1188859578" visible="true" version="1" changeset="7470909" timestamp="2011-03-06T09:21:24Z" user="yargil" uid="157949" lat="49.0338680" lon="2.0662930"/>
 <node id="1188859896" visible="true" version="1" changeset="7470909" timestamp="2011-03-06T09:21:38Z" user="yargil" uid="157949" lat="49.0327130" lon="2.0670600"/>
 <node id="1188860273" visible="true" version="1" changeset="7470909" timestamp="2011-03-06T09:21:55Z" user="yargil" uid="157949" lat="49.0328830" lon="2.0672080"/>
 <node id="1188860299" visible="true" version="1" changeset="7470909" timestamp="2011-03-06T09:21:57Z" user="yargil" uid="157949" lat="49.0342670" lon="2.0665000"/>
 <node id="1188860395" visible="true" version="1" changeset="7470909" timestamp="2011-03-06T09:22:02Z" user="yargil" uid="157949" lat="49.0324690" lon="2.0654700"/>
 <node id="1188860421" visible="true" version="1" changeset="7470909" timestamp="2011-03-06T09:22:04Z" user="yargil" uid="157949" lat="49.0334120" lon="2.0680540"/>
 <node id="1188860878" visible="true" version="1" changeset="7470909" timestamp="2011-03-06T09:22:25Z" user="yargil" uid="157949" lat="49.0340620" lon="2.0680240"/>
 <node id="1188861202" visible="true" version="1" changeset="7470909" timestamp="2011-03-06T09:22:36Z" user="yargil" uid="157949" lat="49.0343220" lon="2.0668380"/>
 <node id="1188861390" visible="true" version="1" changeset="7470909" timestamp="2011-03-06T09:22:41Z" user="yargil" uid="157949" lat="49.0339950" lon="2.0661310"/>
 <node id="1188861694" visible="true" version="1" changeset="7470909" timestamp="2011-03-06T09:22:53Z" user="yargil" uid="157949" lat="49.0329080" lon="2.0669070"/>
 <node id="1188862014" visible="true" version="1" changeset="7470909" timestamp="2011-03-06T09:23:11Z" user="yargil" uid="157949" lat="49.0325920" lon="2.0660860"/>
 <node id="1188862288" visible="true" version="1" changeset="7470909" timestamp="2011-03-06T09:23:24Z" user="yargil" uid="157949" lat="49.0345820" lon="2.0666160"/>
 <node id="1188862431" visible="true" version="1" changeset="7470909" timestamp="2011-03-06T09:23:31Z" user="yargil" uid="157949" lat="49.0333740" lon="2.0678670"/>
 <node id="1188862570" visible="true" version="1" changeset="7470909" timestamp="2011-03-06T09:23:37Z" user="yargil" uid="157949" lat="49.0328840" lon="2.0660730"/>
 <node id="1188862855" visible="true" version="1" changeset="7470909" timestamp="2011-03-06T09:23:52Z" user="yargil" uid="157949" lat="49.0341780" lon="2.0659630"/>
 <node id="1188863122" visible="true" version="1" changeset="7470909" timestamp="2011-03-06T09:23:58Z" user="yargil" uid="157949" lat="49.0333680" lon="2.0683260"/>
 <node id="1188863807" visible="true" version="1" changeset="7470909" timestamp="2011-03-06T09:24:25Z" user="yargil" uid="157949" lat="49.0337900" lon="2.0686730"/>
 <node id="1188864435" visible="true" version="1" changeset="7470909" timestamp="2011-03-06T09:24:44Z" user="yargil" uid="157949" lat="49.0341490" lon="2.0669800"/>
 <node id="1188864789" visible="true" version="1" changeset="7470909" timestamp="2011-03-06T09:25:01Z" user="yargil" uid="157949" lat="49.0326720" lon="2.0663060"/>
 <node id="1188864812" visible="true" version="1" changeset="7470909" timestamp="2011-03-06T09:25:02Z" user="yargil" uid="157949" lat="49.0332960" lon="2.0669480"/>
 <node id="1188865206" visible="true" version="1" changeset="7470909" timestamp="2011-03-06T09:25:23Z" user="yargil" uid="157949" lat="49.0330620" lon="2.0667380"/>
 <node id="1188865235" visible="true" version="1" changeset="7470909" timestamp="2011-03-06T09:25:25Z" user="yargil" uid="157949" lat="49.0331770" lon="2.0666920"/>
 <node id="1188865363" visible="true" version="1" changeset="7470909" timestamp="2011-03-06T09:25:31Z" user="yargil" uid="157949" lat="49.0323500" lon="2.0656370"/>
 <node id="1188865907" visible="true" version="1" changeset="7470909" timestamp="2011-03-06T09:25:59Z" user="yargil" uid="157949" lat="49.0340940" lon="2.0677010"/>
 <node id="1188866258" visible="true" version="1" changeset="7470909" timestamp="2011-03-06T09:26:17Z" user="yargil" uid="157949" lat="49.0345210" lon="2.0670050"/>
 <node id="1188866915" visible="true" version="1" changeset="7470909" timestamp="2011-03-06T09:26:40Z" user="yargil" uid="157949" lat="49.0329120" lon="2.0674030"/>
 <node id="1188867287" visible="true" version="1" changeset="7470909" timestamp="2011-03-06T09:27:02Z" user="yargil" uid="157949" lat="49.0337930" lon="2.0676620"/>
 <node id="1188867391" visible="true" version="1" changeset="7470909" timestamp="2011-03-06T09:27:08Z" user="yargil" uid="157949" lat="49.0326420" lon="2.0662100"/>
 <node id="1188867526" visible="true" version="1" changeset="7470909" timestamp="2011-03-06T09:27:17Z" user="yargil" uid="157949" lat="49.0343890" lon="2.0681060"/>
 <node id="1188867730" visible="true" version="1" changeset="7470909" timestamp="2011-03-06T09:27:30Z" user="yargil" uid="157949" lat="49.0332590" lon="2.0683290"/>
 <node id="1188868044" visible="true" version="1" changeset="7470909" timestamp="2011-03-06T09:27:46Z" user="yargil" uid="157949" lat="49.0329780" lon="2.0671610"/>
 <node id="1188868100" visible="true" version="1" changeset="7470909" timestamp="2011-03-06T09:27:47Z" user="yargil" uid="157949" lat="49.0341950" lon="2.0665370"/>
 <node id="1188868271" visible="true" version="1" changeset="7470909" timestamp="2011-03-06T09:27:53Z" user="yargil" uid="157949" lat="49.0322500" lon="2.0649800"/>
 <node id="1188868304" visible="true" version="1" changeset="7470909" timestamp="2011-03-06T09:27:54Z" user="yargil" uid="157949" lat="49.0333750" lon="2.0680160"/>
 <node id="1188868418" visible="true" version="1" changeset="7470909" timestamp="2011-03-06T09:28:00Z" user="yargil" uid="157949" lat="49.0346140" lon="2.0671250"/>
 <node id="1188868863" visible="true" version="1" changeset="7470909" timestamp="2011-03-06T09:28:14Z" user="yargil" uid="157949" lat="49.0340770" lon="2.0676660"/>
 <node id="1188869330" visible="true" version="1" changeset="7470909" timestamp="2011-03-06T09:28:28Z" user="yargil" uid="157949" lat="49.0344480" lon="2.0672570"/>
 <node id="1188869624" visible="true" version="1" changeset="7470909" timestamp="2011-03-06T09:28:34Z" user="yargil" uid="157949" lat="49.0339000" lon="2.0659960"/>
 <node id="1188869645" visible="true" version="1" changeset="7470909" timestamp="2011-03-06T09:28:35Z" user="yargil" uid="157949" lat="49.0337740" lon="2.0662840"/>
 <node id="1188869882" visible="true" version="1" changeset="7470909" timestamp="2011-03-06T09:28:40Z" user="yargil" uid="157949" lat="49.0326520" lon="2.0662580"/>
 <node id="1188870246" visible="true" version="1" changeset="7470909" timestamp="2011-03-06T09:28:49Z" user="yargil" uid="157949" lat="49.0327360" lon="2.0673720"/>
 <node id="1188871049" visible="true" version="1" changeset="7470909" timestamp="2011-03-06T09:29:14Z" user="yargil" uid="157949" lat="49.0335790" lon="2.0660890"/>
 <node id="1188872199" visible="true" version="1" changeset="7470909" timestamp="2011-03-06T09:30:05Z" user="yargil" uid="157949" lat="49.0343380" lon="2.0662980"/>
 <node id="1188872610" visible="true" version="1" changeset="7470909" timestamp="2011-03-06T09:30:19Z" user="yargil" uid="157949" lat="49.0333730" lon="2.0678290"/>
 <node id="1188872809" visible="true" version="1" changeset="7470909" timestamp="2011-03-06T09:30:34Z" user="yargil" uid="157949" lat="49.0328400" lon="2.0660090"/>
 <node id="1188873084" visible="true" version="1" changeset="7470909" timestamp="2011-03-06T09:31:06Z" user="yargil" uid="157949" lat="49.0341710" lon="2.0658410"/>
 <node id="1188873798" visible="true" version="1" changeset="7470909" timestamp="2011-03-06T09:32:13Z" user="yargil" uid="157949" lat="49.0338200" lon="2.0687650"/>
 <node id="1188875010" visible="true" version="1" changeset="7470909" timestamp="2011-03-06T09:33:33Z" user="yargil" uid="157949" lat="49.0342990" lon="2.0671890"/>
 <node id="1188875216" visible="true" version="1" changeset="7470909" timestamp="2011-03-06T09:33:46Z" user="yargil" uid="157949" lat="49.0344510" lon="2.0666110"/>
 <node id="1188875220" visible="true" version="1" changeset="7470909" timestamp="2011-03-06T09:33:47Z" user="yargil" uid="157949" lat="49.0337140" lon="2.0662270"/>
 <node id="1188875404" visible="true" version="1" changeset="7470909" timestamp="2011-03-06T09:34:06Z" user="yargil" uid="157949" lat="49.0326750" lon="2.0671190"/>
 <node id="1188875749" visible="true" version="1" changeset="7470909" timestamp="2011-03-06T09:34:24Z" user="yargil" uid="157949" lat="49.0330280" lon="2.0671160"/>
 <node id="1188875772" visible="true" version="1" changeset="7470909" timestamp="2011-03-06T09:34:26Z" user="yargil" uid="157949" lat="49.0332370" lon="2.0667550"/>
 <node id="1188875884" visible="true" version="1" changeset="7470909" timestamp="2011-03-06T09:34:31Z" user="yargil" uid="157949" lat="49.0324110" lon="2.0655830"/>
 <node id="1188875936" visible="true" version="1" changeset="7470909" timestamp="2011-03-06T09:34:33Z" user="yargil" uid="157949" lat="49.0333750" lon="2.0682550"/>
 <node id="1188876729" visible="true" version="1" changeset="7470909" timestamp="2011-03-06T09:34:52Z" user="yargil" uid="157949" lat="49.0342290" lon="2.0679650"/>
 <node id="1188876896" visible="true" version="1" changeset="7470909" timestamp="2011-03-06T09:34:58Z" user="yargil" uid="157949" lat="49.0328540" lon="2.0663380"/>
 <node id="1188877134" visible="true" version="1" changeset="7470909" timestamp="2011-03-06T09:35:09Z" user="yargil" uid="157949" lat="49.0345770" lon="2.0670530"/>
 <node id="1188877248" visible="true" version="1" changeset="7470909" timestamp="2011-03-06T09:35:18Z" user="yargil" uid="157949" lat="49.0338010" lon="2.0659180"/>
 <node id="1188877326" visible="true" version="1" changeset="7470909" timestamp="2011-03-06T09:35:25Z" user="yargil" uid="157949" lat="49.0325900" lon="2.0662590"/>
 <node id="1188877549" visible="true" version="1" changeset="7470909" timestamp="2011-03-06T09:35:34Z" user="yargil" uid="157949" lat="49.0328520" lon="2.0672540"/>
 <node id="1188877947" visible="true" version="1" changeset="7470909" timestamp="2011-03-06T09:35:58Z" user="yargil" uid="157949" lat="49.0336870" lon="2.0678040"/>
 <node id="1188878533" visible="true" version="1" changeset="7470909" timestamp="2011-03-06T09:36:47Z" user="yargil" uid="157949" lat="49.0332580" lon="2.0684650"/>
 <node id="1188878968" visible="true" version="1" changeset="7470909" timestamp="2011-03-06T09:37:23Z" user="yargil" uid="157949" lat="49.0329100" lon="2.0667540"/>
 <node id="1188878987" visible="true" version="1" changeset="7470909" timestamp="2011-03-06T09:37:27Z" user="yargil" uid="157949" lat="49.0342040" lon="2.0667050"/>
 <node id="1188879153" visible="true" version="1" changeset="7470909" timestamp="2011-03-06T09:37:44Z" user="yargil" uid="157949" lat="49.0332010" lon="2.0669520"/>
 <node id="1188879404" visible="true" version="1" changeset="7470909" timestamp="2011-03-06T09:38:01Z" user="yargil" uid="157949" lat="49.0345670" lon="2.0668570"/>
 <node id="1188879808" visible="true" version="1" changeset="7470909" timestamp="2011-03-06T09:38:34Z" user="yargil" uid="157949" lat="49.0340760" lon="2.0676560"/>
 <node id="1188880223" visible="true" version="1" changeset="7470909" timestamp="2011-03-06T09:39:03Z" user="yargil" uid="157949" lat="49.0343560" lon="2.0680720"/>
 <node id="1188880672" visible="true" version="1" changeset="7470909" timestamp="2011-03-06T09:39:46Z" user="yargil" uid="157949" lat="49.0327700" lon="2.0673290"/>
 <node id="1188881354" visible="true" version="1" changeset="7470909" timestamp="2011-03-06T09:40:24Z" user="yargil" uid="157949" lat="49.0332330" lon="2.0665040"/>
 <node id="1188881617" visible="true" version="1" changeset="7470909" timestamp="2011-03-06T09:40:36Z" user="yargil" uid="157949" lat="49.0321550" lon="2.0650210"/>
 <node id="1188882287" visible="true" version="1" changeset="7470909" timestamp="2011-03-06T09:41:14Z" user="yargil" uid="157949" lat="49.0344370" lon="2.0663280"/>
 <node id="1188882395" visible="true" version="1" changeset="7470909" timestamp="2011-03-06T09:41:29Z" user="yargil" uid="157949" lat="49.0332600" lon="2.0679810"/>
 <node id="1188882708" visible="true" version="1" changeset="7470909" timestamp="2011-03-06T09:42:01Z" user="yargil" uid="157949" lat="49.0346130" lon="2.0673080"/>
 <node id="1188882838" visible="true" version="1" changeset="7470909" timestamp="2011-03-06T09:42:19Z" user="yargil" uid="157949" lat="49.0339740" lon="2.0663350"/>
 <node id="1188882976" visible="true" version="1" changeset="7470909" timestamp="2011-03-06T09:42:37Z" user="yargil" uid="157949" lat="49.0341580" lon="2.0688710"/>
 <node id="1188885430" visible="true" version="1" changeset="7470909" timestamp="2011-03-06T09:44:03Z" user="yargil" uid="157949" lat="49.0342580" lon="2.0684970"/>
 <node id="1188885725" visible="true" version="1" changeset="7470909" timestamp="2011-03-06T09:44:20Z" user="yargil" uid="157949" lat="49.0337220" lon="2.0659420"/>
 <node id="1188886275" visible="true" version="1" changeset="7470909" timestamp="2011-03-06T09:44:46Z" user="yargil" uid="157949" lat="49.0326650" lon="2.0672180"/>
 <node id="1188887047" visible="true" version="1" changeset="7470909" timestamp="2011-03-06T09:45:19Z" user="yargil" uid="157949" lat="49.0341460" lon="2.0667440"/>
 <node id="1188887054" visible="true" version="1" changeset="7470909" timestamp="2011-03-06T09:45:20Z" user="yargil" uid="157949" lat="49.0331570" lon="2.0663400"/>
 <node id="1188887327" visible="true" version="1" changeset="7470909" timestamp="2011-03-06T09:45:32Z" user="yargil" uid="157949" lat="49.0325030" lon="2.0655330"/>
 <node id="1188887386" visible="true" version="1" changeset="7470909" timestamp="2011-03-06T09:45:36Z" user="yargil" uid="157949" lat="49.0334120" lon="2.0681390"/>
 <node id="1188887615" visible="true" version="1" changeset="7470909" timestamp="2011-03-06T09:45:48Z" user="yargil" uid="157949" lat="49.0317150" lon="2.0688420"/>
 <node id="1188887954" visible="true" version="1" changeset="7470909" timestamp="2011-03-06T09:46:13Z" user="yargil" uid="157949" lat="49.0342130" lon="2.0679800"/>
 <node id="1188888093" visible="true" version="1" changeset="7470909" timestamp="2011-03-06T09:46:21Z" user="yargil" uid="157949" lat="49.0328950" lon="2.0662560"/>
 <node id="1188888347" visible="true" version="1" changeset="7470909" timestamp="2011-03-06T09:46:33Z" user="yargil" uid="157949" lat="49.0342790" lon="2.0671600"/>
 <node id="1188888789" visible="true" version="1" changeset="7470909" timestamp="2011-03-06T09:47:00Z" user="yargil" uid="157949" lat="49.0328580" lon="2.0668330"/>
 <node id="1188889292" visible="true" version="1" changeset="7470909" timestamp="2011-03-06T09:47:27Z" user="yargil" uid="157949" lat="49.0332530" lon="2.0667900"/>
 <node id="1188889626" visible="true" version="1" changeset="7470909" timestamp="2011-03-06T09:47:35Z" user="yargil" uid="157949" lat="49.0324390" lon="2.0656350"/>
 <node id="1188890285" visible="true" version="1" changeset="7470909" timestamp="2011-03-06T09:48:03Z" user="yargil" uid="157949" lat="49.0333360" lon="2.0685020"/>
 <node id="1188891300" visible="true" version="1" changeset="7470909" timestamp="2011-03-06T09:48:35Z" user="yargil" uid="157949" lat="49.0341710" lon="2.0663040"/>
 <node id="1188891628" visible="true" version="1" changeset="7470909" timestamp="2011-03-06T09:48:45Z" user="yargil" uid="157949" lat="49.0333680" lon="2.0684140"/>
 <node id="1188892721" visible="true" version="1" changeset="7470909" timestamp="2011-03-06T09:49:22Z" user="yargil" uid="157949" lat="49.0336850" lon="2.0682940"/>
 <node id="1188893385" visible="true" version="1" changeset="7470909" timestamp="2011-03-06T09:49:43Z" user="yargil" uid="157949" lat="49.0326950" lon="2.0674280"/>
 <node id="1188893440" visible="true" version="1" changeset="7470909" timestamp="2011-03-06T09:49:45Z" user="yargil" uid="157949" lat="49.0342090" lon="2.0668920"/>
 <node id="1188894415" visible="true" version="1" changeset="7470909" timestamp="2011-03-06T09:50:18Z" user="yargil" uid="157949" lat="49.0327840" lon="2.0671660"/>
 <node id="1188894997" visible="true" version="1" changeset="7470909" timestamp="2011-03-06T09:50:44Z" user="yargil" uid="157949" lat="49.0330040" lon="2.0667030"/>
 <node id="1188895077" visible="true" version="1" changeset="7470909" timestamp="2011-03-06T09:50:47Z" user="yargil" uid="157949" lat="49.0332730" lon="2.0665900"/>
 <node id="1188895271" visible="true" version="1" changeset="7470909" timestamp="2011-03-06T09:51:00Z" user="yargil" uid="157949" lat="49.0321440" lon="2.0650540"/>
 <node id="1188895462" visible="true" version="1" changeset="7470909" timestamp="2011-03-06T09:51:11Z" user="yargil" uid="157949" lat="49.0324570" lon="2.0667120"/>
 <node id="1188896125" visible="true" version="1" changeset="7470909" timestamp="2011-03-06T09:51:38Z" user="yargil" uid="157949" lat="49.0340930" lon="2.0677970"/>
 <node id="1188896583" visible="true" version="1" changeset="7470909" timestamp="2011-03-06T09:52:01Z" user="yargil" uid="157949" lat="49.0345410" lon="2.0673720"/>
 <node id="1188896814" visible="true" version="1" changeset="7470909" timestamp="2011-03-06T09:52:12Z" user="yargil" uid="157949" lat="49.0339340" lon="2.0663840"/>
 <node id="1188897056" visible="true" version="1" changeset="7470909" timestamp="2011-03-06T09:52:24Z" user="yargil" uid="157949" lat="49.0331710" lon="2.0669540"/>
 <node id="1188898321" visible="true" version="1" changeset="7470909" timestamp="2011-03-06T09:53:11Z" user="yargil" uid="157949" lat="49.0333290" lon="2.0668560"/>
 <node id="1188898950" visible="true" version="1" changeset="7470909" timestamp="2011-03-06T09:53:38Z" user="yargil" uid="157949" lat="49.0344970" lon="2.0682150"/>
 <node id="1188899311" visible="true" version="1" changeset="7470909" timestamp="2011-03-06T09:53:54Z" user="yargil" uid="157949" lat="49.0345440" lon="2.0658860"/>
 <node id="1188899315" visible="true" version="1" changeset="7470909" timestamp="2011-03-06T09:53:54Z" user="yargil" uid="157949" lat="49.0338160" lon="2.0663600"/>
 <node id="1188899545" visible="true" version="1" changeset="7470909" timestamp="2011-03-06T09:54:08Z" user="yargil" uid="157949" lat="49.0332690" lon="2.0681880"/>
 <node id="1188900232" visible="true" version="1" changeset="7470909" timestamp="2011-03-06T09:54:39Z" user="yargil" uid="157949" lat="49.0330020" lon="2.0666100"/>
 <node id="1188900290" visible="true" version="1" changeset="7470909" timestamp="2011-03-06T09:54:41Z" user="yargil" uid="157949" lat="49.0343050" lon="2.0665710"/>
 <node id="1188900451" visible="true" version="1" changeset="7470909" timestamp="2011-03-06T09:54:49Z" user="yargil" uid="157949" lat="49.0324810" lon="2.0654930"/>
 <node id="1188900485" visible="true" version="1" changeset="7470909" timestamp="2011-03-06T09:54:52Z" user="yargil" uid="157949" lat="49.0334120" lon="2.0681010"/>
 <node id="1188901165" visible="true" version="1" changeset="7470909" timestamp="2011-03-06T09:55:20Z" user="yargil" uid="157949" lat="49.0340720" lon="2.0676850"/>
 <node id="1188901783" visible="true" version="1" changeset="7470909" timestamp="2011-03-06T09:55:39Z" user="yargil" uid="157949" lat="49.0344150" lon="2.0668710"/>
 <node id="1188901990" visible="true" version="1" changeset="7470909" timestamp="2011-03-06T09:55:47Z" user="yargil" uid="157949" lat="49.0339560" lon="2.0660610"/>
 <node id="1188902381" visible="true" version="1" changeset="7470909" timestamp="2011-03-06T09:56:05Z" user="yargil" uid="157949" lat="49.0329230" lon="2.0669300"/>
 <node id="1188902971" visible="true" version="1" changeset="7470909" timestamp="2011-03-06T09:56:25Z" user="yargil" uid="157949" lat="49.0335350" lon="2.0660550"/>
 <node id="1188904372" visible="true" version="1" changeset="7470909" timestamp="2011-03-06T09:57:04Z" user="yargil" uid="157949" lat="49.0333720" lon="2.0679580"/>
 <node id="1188904584" visible="true" version="1" changeset="7470909" timestamp="2011-03-06T09:57:08Z" user="yargil" uid="157949" lat="49.0348040" lon="2.0680250"/>
 <node id="1188904770" visible="true" version="1" changeset="7470909" timestamp="2011-03-06T09:57:13Z" user="yargil" uid="157949" lat="49.0329000" lon="2.0661270"/>
 <node id="1188905617" visible="true" version="1" changeset="7470909" timestamp="2011-03-06T09:57:36Z" user="yargil" uid="157949" lat="49.0341630" lon="2.0661140"/>
 <node id="1188906024" visible="true" version="1" changeset="7470909" timestamp="2011-03-06T09:57:48Z" user="yargil" uid="157949" lat="49.0333750" lon="2.0683260"/>
 <node id="1188907218" visible="true" version="1" changeset="7470909" timestamp="2011-03-06T09:58:21Z" user="yargil" uid="157949" lat="49.0336920" lon="2.0686730"/>
 <node id="1188907875" visible="true" version="1" changeset="7470909" timestamp="2011-03-06T09:58:42Z" user="yargil" uid="157949" lat="49.0340910" lon="2.0668770"/>
 <node id="1188908263" visible="true" version="1" changeset="7470909" timestamp="2011-03-06T09:58:51Z" user="yargil" uid="157949" lat="49.0336610" lon="2.0659200"/>
 <node id="1188908610" visible="true" version="1" changeset="7470909" timestamp="2011-03-06T09:58:59Z" user="yargil" uid="157949" lat="49.0333180" lon="2.0669270"/>
 <node id="1188909251" visible="true" version="1" changeset="7470909" timestamp="2011-03-06T09:59:25Z" user="yargil" uid="157949" lat="49.0330450" lon="2.0667640"/>
 <node id="1188909313" visible="true" version="1" changeset="7470909" timestamp="2011-03-06T09:59:28Z" user="yargil" uid="157949" lat="49.0331980" lon="2.0666700"/>
 <node id="1188909496" visible="true" version="1" changeset="7470909" timestamp="2011-03-06T09:59:36Z" user="yargil" uid="157949" lat="49.0323440" lon="2.0656250"/>
 <node id="1188909531" visible="true" version="1" changeset="7470909" timestamp="2011-03-06T09:59:37Z" user="yargil" uid="157949" lat="49.0303000" lon="2.0693420"/>
 <node id="1188910252" visible="true" version="1" changeset="7470909" timestamp="2011-03-06T10:00:08Z" user="yargil" uid="157949" lat="49.0340970" lon="2.0677180"/>
 <node id="1188910455" visible="true" version="1" changeset="7470909" timestamp="2011-03-06T10:00:16Z" user="yargil" uid="157949" lat="49.0327830" lon="2.0663780"/>
 <node id="1188910593" visible="true" version="1" changeset="7470909" timestamp="2011-03-06T10:00:31Z" user="yargil" uid="157949" lat="49.0345600" lon="2.0670740"/>
 <node id="1188911011" visible="true" version="1" changeset="7470909" timestamp="2011-03-06T10:01:05Z" user="yargil" uid="157949" lat="49.0328100" lon="2.0669100"/>
 <node id="1188911398" visible="true" version="1" changeset="7470909" timestamp="2011-03-06T10:01:33Z" user="yargil" uid="157949" lat="49.0337930" lon="2.0676590"/>
 <node id="1188911650" visible="true" version="1" changeset="7470909" timestamp="2011-03-06T10:02:00Z" user="yargil" uid="157949" lat="49.0343960" lon="2.0681020"/>
 <node id="1188911798" visible="true" version="1" changeset="7470909" timestamp="2011-03-06T10:02:15Z" user="yargil" uid="157949" lat="49.0344030" lon="2.0663760"/>
 <node id="1188912037" visible="true" version="1" changeset="7470909" timestamp="2011-03-06T10:02:33Z" user="yargil" uid="157949" lat="49.0332610" lon="2.0682560"/>
 <node id="1188912698" visible="true" version="1" changeset="7470909" timestamp="2011-03-06T10:03:34Z" user="yargil" uid="157949" lat="49.0330270" lon="2.0672820"/>
 <node id="1188912733" visible="true" version="1" changeset="7470909" timestamp="2011-03-06T10:03:39Z" user="yargil" uid="157949" lat="49.0342220" lon="2.0665000"/>
 <node id="1188913126" visible="true" version="1" changeset="7470909" timestamp="2011-03-06T10:04:05Z" user="yargil" uid="157949" lat="49.0324940" lon="2.0654340"/>
 <node id="1188913196" visible="true" version="1" changeset="7470909" timestamp="2011-03-06T10:04:11Z" user="yargil" uid="157949" lat="49.0332780" lon="2.0670630"/>
 <node id="1188913613" visible="true" version="1" changeset="7470909" timestamp="2011-03-06T10:04:37Z" user="yargil" uid="157949" lat="49.0346630" lon="2.0672140"/>
 <node id="1188914448" visible="true" version="1" changeset="7470909" timestamp="2011-03-06T10:05:20Z" user="yargil" uid="157949" lat="49.0340770" lon="2.0676720"/>
 <node id="1188915535" visible="true" version="1" changeset="7470909" timestamp="2011-03-06T10:05:58Z" user="yargil" uid="157949" lat="49.0343160" lon="2.0668270"/>
 <node id="1188916147" visible="true" version="1" changeset="7470909" timestamp="2011-03-06T10:06:17Z" user="yargil" uid="157949" lat="49.0339660" lon="2.0659130"/>
 <node id="1188916159" visible="true" version="1" changeset="7470909" timestamp="2011-03-06T10:06:17Z" user="yargil" uid="157949" lat="49.0337690" lon="2.0662930"/>
 <node id="1188916581" visible="true" version="1" changeset="7470909" timestamp="2011-03-06T10:06:31Z" user="yargil" uid="157949" lat="49.0326500" lon="2.0662520"/>
 <node id="1188916932" visible="true" version="1" changeset="7470909" timestamp="2011-03-06T10:06:53Z" user="yargil" uid="157949" lat="49.0327940" lon="2.0675130"/>
 <node id="1188917736" visible="true" version="1" changeset="7470909" timestamp="2011-03-06T10:07:35Z" user="yargil" uid="157949" lat="49.0335480" lon="2.0660310"/>
 <node id="1188917984" visible="true" version="1" changeset="7470909" timestamp="2011-03-06T10:07:49Z" user="yargil" uid="157949" lat="49.0326500" lon="2.0661120"/>
 <node id="1188918806" visible="true" version="1" changeset="7470909" timestamp="2011-03-06T10:08:31Z" user="yargil" uid="157949" lat="49.0343390" lon="2.0662550"/>
 <node id="1188919266" visible="true" version="1" changeset="7470909" timestamp="2011-03-06T10:08:50Z" user="yargil" uid="157949" lat="49.0332590" lon="2.0677730"/>
 <node id="1188920416" visible="true" version="1" changeset="7470909" timestamp="2011-03-06T10:09:43Z" user="yargil" uid="157949" lat="49.0341910" lon="2.0658770"/>
 <node id="1188921931" visible="true" version="1" changeset="7470909" timestamp="2011-03-06T10:10:48Z" user="yargil" uid="157949" lat="49.0340510" lon="2.0680850"/>
 <node id="1188922617" visible="true" version="1" changeset="7470909" timestamp="2011-03-06T10:11:26Z" user="yargil" uid="157949" lat="49.0340480" lon="2.0690610"/>
 <node id="1188923171" visible="true" version="1" changeset="7470909" timestamp="2011-03-06T10:11:43Z" user="yargil" uid="157949" lat="49.0345000" lon="2.0665460"/>
 <node id="1188923190" visible="true" version="1" changeset="7470909" timestamp="2011-03-06T10:11:43Z" user="yargil" uid="157949" lat="49.0336790" lon="2.0662720"/>
 <node id="1188923484" visible="true" version="1" changeset="7470909" timestamp="2011-03-06T10:11:56Z" user="yargil" uid="157949" lat="49.0326410" lon="2.0661810"/>
 <node id="1188924215" visible="true" version="1" changeset="7470909" timestamp="2011-03-06T10:12:41Z" user="yargil" uid="157949" lat="49.0330520" lon="2.0672590"/>
 <node id="1188924238" visible="true" version="1" changeset="7470909" timestamp="2011-03-06T10:12:44Z" user="yargil" uid="157949" lat="49.0330820" lon="2.0664870"/>
 <node id="1188924316" visible="true" version="1" changeset="7470909" timestamp="2011-03-06T10:12:55Z" user="yargil" uid="157949" lat="49.0326880" lon="2.0659650"/>
 <node id="1188924337" visible="true" version="1" changeset="7470909" timestamp="2011-03-06T10:12:57Z" user="yargil" uid="157949" lat="49.0333410" lon="2.0682550"/>
 <node id="1188924859" visible="true" version="1" changeset="7470909" timestamp="2011-03-06T10:13:38Z" user="yargil" uid="157949" lat="49.0342350" lon="2.0679280"/>
 <node id="1188924959" visible="true" version="1" changeset="7470909" timestamp="2011-03-06T10:13:45Z" user="yargil" uid="157949" lat="49.0328270" lon="2.0663620"/>
 <node id="1188925078" visible="true" version="1" changeset="7470909" timestamp="2011-03-06T10:13:58Z" user="yargil" uid="157949" lat="49.0345350" lon="2.0671070"/>
 <node id="1188925665" visible="true" version="1" changeset="7470909" timestamp="2011-03-06T10:14:34Z" user="yargil" uid="157949" lat="49.0328600" lon="2.0672730"/>
 <node id="1188925915" visible="true" version="1" changeset="7470909" timestamp="2011-03-06T10:14:59Z" user="yargil" uid="157949" lat="49.0336950" lon="2.0678040"/>
 <node id="1188926641" visible="true" version="1" changeset="7470909" timestamp="2011-03-06T10:15:50Z" user="yargil" uid="157949" lat="49.0332320" lon="2.0684670"/>
 <node id="1188927414" visible="true" version="1" changeset="7470909" timestamp="2011-03-06T10:16:28Z" user="yargil" uid="157949" lat="49.0329320" lon="2.0671620"/>
 <node id="1188927478" visible="true" version="1" changeset="7470909" timestamp="2011-03-06T10:16:31Z" user="yargil" uid="157949" lat="49.0341370" lon="2.0660690"/>
 <node id="1188928028" visible="true" version="1" changeset="7470909" timestamp="2011-03-06T10:16:51Z" user="yargil" uid="157949" lat="49.0332250" lon="2.0669300"/>
 <node id="1188928342" visible="true" version="1" changeset="7470909" timestamp="2011-03-06T10:17:12Z" user="yargil" uid="157949" lat="49.0346470" lon="2.0667520"/>
 <node id="1188929029" visible="true" version="1" changeset="7470909" timestamp="2011-03-06T10:17:53Z" user="yargil" uid="157949" lat="49.0340770" lon="2.0676600"/>
 <node id="1188929443" visible="true" version="1" changeset="7470909" timestamp="2011-03-06T10:18:32Z" user="yargil" uid="157949" lat="49.0327880" lon="2.0675000"/>
 <node id="1188929489" visible="true" version="1" changeset="7470909" timestamp="2011-03-06T10:18:38Z" user="yargil" uid="157949" lat="49.0343770" lon="2.0681000"/>
 <node id="1188930315" visible="true" version="1" changeset="7470909" timestamp="2011-03-06T10:19:59Z" user="yargil" uid="157949" lat="49.0327920" lon="2.0673090"/>
 <node id="1188931189" visible="true" version="1" changeset="7470909" timestamp="2011-03-06T10:20:47Z" user="yargil" uid="157949" lat="49.0331370" lon="2.0666060"/>
 <node id="1188931513" visible="true" version="1" changeset="7470909" timestamp="2011-03-06T10:21:46Z" user="yargil" uid="157949" lat="49.0321640" lon="2.0650230"/>
 <node id="1188933400" visible="true" version="1" changeset="7470909" timestamp="2011-03-06T10:22:54Z" user="yargil" uid="157949" lat="49.0343930" lon="2.0663600"/>
 <node id="1188933875" visible="true" version="1" changeset="7470909" timestamp="2011-03-06T10:23:22Z" user="yargil" uid="157949" lat="49.0332600" lon="2.0679070"/>
 <node id="1188934215" visible="true" version="1" changeset="7470909" timestamp="2011-03-06T10:23:47Z" user="yargil" uid="157949" lat="49.0327300" lon="2.0659940"/>
 <node id="1188934786" visible="true" version="1" changeset="7470909" timestamp="2011-03-06T10:24:30Z" user="yargil" uid="157949" lat="49.0344150" lon="2.0673010"/>
 <node id="1188935192" visible="true" version="1" changeset="7470909" timestamp="2011-03-06T10:24:55Z" user="yargil" uid="157949" lat="49.0340330" lon="2.0664450"/>
 <node id="1188935834" visible="true" version="1" changeset="7470909" timestamp="2011-03-06T10:25:17Z" user="yargil" uid="157949" lat="49.0330620" lon="2.0670860"/>
 <node id="1188936275" visible="true" version="1" changeset="7470909" timestamp="2011-03-06T10:25:31Z" user="yargil" uid="157949" lat="49.0326320" lon="2.0677610"/>
 <node id="1188938178" visible="true" version="1" changeset="7470909" timestamp="2011-03-06T10:26:52Z" user="yargil" uid="157949" lat="49.0342670" lon="2.0684390"/>
 <node id="1188938517" visible="true" version="1" changeset="7470909" timestamp="2011-03-06T10:27:11Z" user="yargil" uid="157949" lat="49.0336930" lon="2.0659790"/>
 <node id="1188939007" visible="true" version="1" changeset="7470909" timestamp="2011-03-06T10:27:48Z" user="yargil" uid="157949" lat="49.0327390" lon="2.0672150"/>
 <node id="1188939828" visible="true" version="1" changeset="7470909" timestamp="2011-03-06T10:28:23Z" user="yargil" uid="157949" lat="49.0328710" lon="2.0666580"/>
 <node id="1188939928" visible="true" version="1" changeset="7470909" timestamp="2011-03-06T10:28:27Z" user="yargil" uid="157949" lat="49.0341610" lon="2.0667710"/>
 <node id="1188939935" visible="true" version="1" changeset="7470909" timestamp="2011-03-06T10:28:27Z" user="yargil" uid="157949" lat="49.0331920" lon="2.0664170"/>
 <node id="1188940256" visible="true" version="1" changeset="7470909" timestamp="2011-03-06T10:28:41Z" user="yargil" uid="157949" lat="49.0325160" lon="2.0655550"/>
 <node id="1188940319" visible="true" version="1" changeset="7470909" timestamp="2011-03-06T10:28:44Z" user="yargil" uid="157949" lat="49.0334110" lon="2.0682260"/>
 <node id="1188940659" visible="true" version="1" changeset="7470909" timestamp="2011-03-06T10:28:56Z" user="yargil" uid="157949" lat="49.0316760" lon="2.0688950"/>
 <node id="1188941541" visible="true" version="1" changeset="7470909" timestamp="2011-03-06T10:29:39Z" user="yargil" uid="157949" lat="49.0340190" lon="2.0677890"/>
 <node id="1188941818" visible="true" version="1" changeset="7470909" timestamp="2011-03-06T10:29:56Z" user="yargil" uid="157949" lat="49.0327300" lon="2.0664640"/>
 <node id="1188942289" visible="true" version="1" changeset="7470909" timestamp="2011-03-06T10:30:28Z" user="yargil" uid="157949" lat="49.0342840" lon="2.0669020"/>
 <node id="1188943296" visible="true" version="2" changeset="145198514" timestamp="2023-12-16T21:50:19Z" user="Furdrien" uid="6696140" lat="49.0338732" lon="2.0691743"/>
 <node id="1188943618" visible="true" version="1" changeset="7470909" timestamp="2011-03-06T10:31:40Z" user="yargil" uid="157949" lat="49.0328430" lon="2.0673080"/>
 <node id="1188946321" visible="true" version="1" changeset="7470909" timestamp="2011-03-06T10:34:39Z" user="yargil" uid="157949" lat="49.0333360" lon="2.0685300"/>
 <node id="1188947462" visible="true" version="1" changeset="7470909" timestamp="2011-03-06T10:35:17Z" user="yargil" uid="157949" lat="49.0341020" lon="2.0661870"/>
 <node id="1188948099" visible="true" version="1" changeset="7470909" timestamp="2011-03-06T10:35:34Z" user="yargil" uid="157949" lat="49.0333750" lon="2.0684140"/>
 <node id="1188949479" visible="true" version="1" changeset="7470909" timestamp="2011-03-06T10:36:27Z" user="yargil" uid="157949" lat="49.0336930" lon="2.0682930"/>
 <node id="1188950022" visible="true" version="1" changeset="7470909" timestamp="2011-03-06T10:37:00Z" user="yargil" uid="157949" lat="49.0327180" lon="2.0674070"/>
 <node id="1188950083" visible="true" version="1" changeset="7470909" timestamp="2011-03-06T10:37:03Z" user="yargil" uid="157949" lat="49.0342310" lon="2.0669330"/>
 <node id="1188950443" visible="true" version="1" changeset="7470909" timestamp="2011-03-06T10:37:18Z" user="yargil" uid="157949" lat="49.0338300" lon="2.0658830"/>
 <node id="1188950725" visible="true" version="1" changeset="7470909" timestamp="2011-03-06T10:37:30Z" user="yargil" uid="157949" lat="49.0326530" lon="2.0663500"/>
 <node id="1188951061" visible="true" version="1" changeset="7470909" timestamp="2011-03-06T10:37:48Z" user="yargil" uid="157949" lat="49.0327650" lon="2.0671960"/>
 <node id="1188952028" visible="true" version="1" changeset="7470909" timestamp="2011-03-06T10:38:26Z" user="yargil" uid="157949" lat="49.0330220" lon="2.0666770"/>
 <node id="1188952368" visible="true" version="1" changeset="7470909" timestamp="2011-03-06T10:38:40Z" user="yargil" uid="157949" lat="49.0321430" lon="2.0650360"/>
 <node id="1188952565" visible="true" version="1" changeset="7470909" timestamp="2011-03-06T10:38:52Z" user="yargil" uid="157949" lat="49.0324670" lon="2.0667270"/>
 <node id="1188953297" visible="true" version="1" changeset="7470909" timestamp="2011-03-06T10:39:33Z" user="yargil" uid="157949" lat="49.0340690" lon="2.0676430"/>
 <node id="1188954757" visible="true" version="1" changeset="7470909" timestamp="2011-03-06T10:40:21Z" user="yargil" uid="157949" lat="49.0344900" lon="2.0672850"/>
 <node id="1188955100" visible="true" version="1" changeset="7470909" timestamp="2011-03-06T10:40:41Z" user="yargil" uid="157949" lat="49.0297000" lon="2.0682970"/>
 <node id="1188955913" visible="true" version="1" changeset="7470909" timestamp="2011-03-06T10:41:14Z" user="yargil" uid="157949" lat="49.0331840" lon="2.0669860"/>
 <node id="1188956480" visible="true" version="1" changeset="7470909" timestamp="2011-03-06T10:41:37Z" user="yargil" uid="157949" lat="49.0326170" lon="2.0677240"/>
 <node id="1188957810" visible="true" version="1" changeset="7470909" timestamp="2011-03-06T10:42:33Z" user="yargil" uid="157949" lat="49.0333130" lon="2.0668220"/>
 <node id="1188958276" visible="true" version="1" changeset="7470909" timestamp="2011-03-06T10:42:49Z" user="yargil" uid="157949" lat="49.0326410" lon="2.0661800"/>
 <node id="1188958351" visible="true" version="1" changeset="7470909" timestamp="2011-03-06T10:42:52Z" user="yargil" uid="157949" lat="49.0323760" lon="2.0680530"/>
 <node id="1188958995" visible="true" version="1" changeset="7470909" timestamp="2011-03-06T10:43:15Z" user="yargil" uid="157949" lat="49.0343460" lon="2.0690640"/>
 <node id="1188959572" visible="true" version="1" changeset="7470909" timestamp="2011-03-06T10:43:33Z" user="yargil" uid="157949" lat="49.0337940" lon="2.0663190"/>
 <node id="1188960090" visible="true" version="1" changeset="7470909" timestamp="2011-03-06T10:43:52Z" user="yargil" uid="157949" lat="49.0332690" lon="2.0680530"/>
 <node id="1188960908" visible="true" version="1" changeset="7470909" timestamp="2011-03-06T10:44:36Z" user="yargil" uid="157949" lat="49.0329890" lon="2.0666290"/>
 <node id="1188960981" visible="true" version="1" changeset="7470909" timestamp="2011-03-06T10:44:38Z" user="yargil" uid="157949" lat="49.0341540" lon="2.0667810"/>
 <node id="1188960987" visible="true" version="1" changeset="7470909" timestamp="2011-03-06T10:44:39Z" user="yargil" uid="157949" lat="49.0331030" lon="2.0664650"/>
 <node id="1188961312" visible="true" version="1" changeset="7470909" timestamp="2011-03-06T10:44:51Z" user="yargil" uid="157949" lat="49.0324920" lon="2.0654790"/>
 <node id="1188961441" visible="true" version="1" changeset="7470909" timestamp="2011-03-06T10:44:55Z" user="yargil" uid="157949" lat="49.0333390" lon="2.0679570"/>
 <node id="1188962656" visible="true" version="1" changeset="7470909" timestamp="2011-03-06T10:45:49Z" user="yargil" uid="157949" lat="49.0340700" lon="2.0676880"/>
 <node id="1188963296" visible="true" version="1" changeset="7470909" timestamp="2011-03-06T10:46:23Z" user="yargil" uid="157949" lat="49.0343500" lon="2.0669600"/>
 <node id="1188963860" visible="true" version="2" changeset="145198514" timestamp="2023-12-16T21:50:19Z" user="Furdrien" uid="6696140" lat="49.0338733" lon="2.0692033"/>
 <node id="1188964146" visible="true" version="1" changeset="7470909" timestamp="2011-03-06T10:47:05Z" user="yargil" uid="157949" lat="49.0328230" lon="2.0671370"/>
 <node id="1188964999" visible="true" version="1" changeset="7470909" timestamp="2011-03-06T10:47:38Z" user="yargil" uid="157949" lat="49.0335510" lon="2.0660350"/>
 <node id="1188965352" visible="true" version="1" changeset="7470909" timestamp="2011-03-06T10:47:48Z" user="yargil" uid="157949" lat="49.0326620" lon="2.0660790"/>
 <node id="1188966325" visible="true" version="1" changeset="7470909" timestamp="2011-03-06T10:48:31Z" user="yargil" uid="157949" lat="49.0333650" lon="2.0677370"/>
 <node id="1188966512" visible="true" version="1" changeset="7470909" timestamp="2011-03-06T10:48:42Z" user="yargil" uid="157949" lat="49.0327880" lon="2.0659840"/>
 <node id="1188967024" visible="true" version="1" changeset="7470909" timestamp="2011-03-06T10:49:15Z" user="yargil" uid="157949" lat="49.0341540" lon="2.0661250"/>
 <node id="1188967255" visible="true" version="1" changeset="7470909" timestamp="2011-03-06T10:49:28Z" user="yargil" uid="157949" lat="49.0333740" lon="2.0683770"/>
 <node id="1188968039" visible="true" version="1" changeset="7470909" timestamp="2011-03-06T10:50:08Z" user="yargil" uid="157949" lat="49.0339680" lon="2.0685590"/>
 <node id="1188968551" visible="true" version="1" changeset="7470909" timestamp="2011-03-06T10:50:31Z" user="yargil" uid="157949" lat="49.0342210" lon="2.0670770"/>
 <node id="1188968833" visible="true" version="1" changeset="7470909" timestamp="2011-03-06T10:50:44Z" user="yargil" uid="157949" lat="49.0336830" lon="2.0659590"/>
 <node id="1188969338" visible="true" version="1" changeset="7470909" timestamp="2011-03-06T10:50:56Z" user="yargil" uid="157949" lat="49.0333460" lon="2.0669960"/>
 <node id="1188970922" visible="true" version="1" changeset="7470909" timestamp="2011-03-06T10:51:35Z" user="yargil" uid="157949" lat="49.0330710" lon="2.0668050"/>
 <node id="1188970981" visible="true" version="1" changeset="7470909" timestamp="2011-03-06T10:51:38Z" user="yargil" uid="157949" lat="49.0332440" lon="2.0667990"/>
 <node id="1188971098" visible="true" version="1" changeset="7470909" timestamp="2011-03-06T10:51:49Z" user="yargil" uid="157949" lat="49.0324320" lon="2.0656240"/>
 <node id="1188971355" visible="true" version="1" changeset="7470909" timestamp="2011-03-06T10:52:03Z" user="yargil" uid="157949" lat="49.0323640" lon="2.0666180"/>
 <node id="1188971797" visible="true" version="1" changeset="7470909" timestamp="2011-03-06T10:52:37Z" user="yargil" uid="157949" lat="49.0340990" lon="2.0677450"/>
 <node id="1188972070" visible="true" version="1" changeset="7470909" timestamp="2011-03-06T10:53:03Z" user="yargil" uid="157949" lat="49.0345820" lon="2.0673490"/>
 <node id="1188972217" visible="true" version="1" changeset="7470909" timestamp="2011-03-06T10:53:13Z" user="yargil" uid="157949" lat="49.0296800" lon="2.0683310"/>
 <node id="1188972272" visible="true" version="1" changeset="7470909" timestamp="2011-03-06T10:53:16Z" user="yargil" uid="157949" lat="49.0338630" lon="2.0659450"/>
 <node id="1188972610" visible="true" version="1" changeset="7470909" timestamp="2011-03-06T10:53:38Z" user="yargil" uid="157949" lat="49.0328920" lon="2.0670320"/>
 <node id="1188973077" visible="true" version="1" changeset="7470909" timestamp="2011-03-06T10:54:06Z" user="yargil" uid="157949" lat="49.0339110" lon="2.0674360"/>
 <node id="1188973152" visible="true" version="1" changeset="7470909" timestamp="2011-03-06T10:54:16Z" user="yargil" uid="157949" lat="49.0326420" lon="2.0661990"/>
 <node id="1188973481" visible="true" version="1" changeset="7470909" timestamp="2011-03-06T10:54:32Z" user="yargil" uid="157949" lat="49.0344100" lon="2.0681020"/>
 <node id="1188974267" visible="true" version="1" changeset="7470909" timestamp="2011-03-06T10:55:01Z" user="yargil" uid="157949" lat="49.0332960" lon="2.0682550"/>
 <node id="1188974767" visible="true" version="1" changeset="7470909" timestamp="2011-03-06T10:55:37Z" user="yargil" uid="157949" lat="49.0329670" lon="2.0666080"/>
 <node id="1188974824" visible="true" version="1" changeset="7470909" timestamp="2011-03-06T10:55:40Z" user="yargil" uid="157949" lat="49.0343620" lon="2.0662560"/>
 <node id="1188974932" visible="true" version="1" changeset="7470909" timestamp="2011-03-06T10:55:51Z" user="yargil" uid="157949" lat="49.0324950" lon="2.0654360"/>
 <node id="1188974953" visible="true" version="1" changeset="7470909" timestamp="2011-03-06T10:55:54Z" user="yargil" uid="157949" lat="49.0332350" lon="2.0671100"/>
 <node id="1188975049" visible="true" version="1" changeset="7470909" timestamp="2011-03-06T10:56:09Z" user="yargil" uid="157949" lat="49.0346330" lon="2.0672530"/>
 <node id="1188975496" visible="true" version="1" changeset="7470909" timestamp="2011-03-06T10:56:36Z" user="yargil" uid="157949" lat="49.0340760" lon="2.0676770"/>
 <node id="1188975901" visible="true" version="1" changeset="7470909" timestamp="2011-03-06T10:57:03Z" user="yargil" uid="157949" lat="49.0343360" lon="2.0668010"/>
 <node id="1188976040" visible="true" version="1" changeset="7470909" timestamp="2011-03-06T10:57:17Z" user="yargil" uid="157949" lat="49.0337310" lon="2.0662240"/>
 <node id="1188976704" visible="true" version="1" changeset="7470909" timestamp="2011-03-06T10:57:40Z" user="yargil" uid="157949" lat="49.0327610" lon="2.0669850"/>
 <node id="1188977128" visible="true" version="1" changeset="7470909" timestamp="2011-03-06T10:58:13Z" user="yargil" uid="157949" lat="49.0336000" lon="2.0659650"/>
 <node id="1188977471" visible="true" version="1" changeset="7470909" timestamp="2011-03-06T10:59:02Z" user="yargil" uid="157949" lat="49.0344730" lon="2.0662780"/>
 <node id="1188977744" visible="true" version="1" changeset="7470909" timestamp="2011-03-06T10:59:21Z" user="yargil" uid="157949" lat="49.0332590" lon="2.0677050"/>
 <node id="1188978118" visible="true" version="1" changeset="7470909" timestamp="2011-03-06T11:00:14Z" user="yargil" uid="157949" lat="49.0342130" lon="2.0659180"/>
 <node id="1188978341" visible="true" version="1" changeset="7470909" timestamp="2011-03-06T11:00:34Z" user="yargil" uid="157949" lat="49.0331260" lon="2.0670430"/>
 <node id="1188979252" visible="true" version="1" changeset="7470909" timestamp="2011-03-06T11:01:35Z" user="yargil" uid="157949" lat="49.0340420" lon="2.0680820"/>
 <node id="1188979666" visible="true" version="1" changeset="7470909" timestamp="2011-03-06T11:01:51Z" user="yargil" uid="157949" lat="49.0322460" lon="2.0681950"/>
 <node id="1188980186" visible="true" version="1" changeset="7470909" timestamp="2011-03-06T11:02:11Z" user="yargil" uid="157949" lat="49.0341540" lon="2.0684620"/>
 <node id="1188980606" visible="true" version="1" changeset="7470909" timestamp="2011-03-06T11:02:28Z" user="yargil" uid="157949" lat="49.0345330" lon="2.0666040"/>
 <node id="1188980621" visible="true" version="1" changeset="7470909" timestamp="2011-03-06T11:02:29Z" user="yargil" uid="157949" lat="49.0336590" lon="2.0662380"/>
 <node id="1188981388" visible="true" version="1" changeset="7470909" timestamp="2011-03-06T11:02:57Z" user="yargil" uid="157949" lat="49.0327770" lon="2.0671550"/>
 <node id="1188983204" visible="true" version="1" changeset="7470909" timestamp="2011-03-06T11:03:46Z" user="yargil" uid="157949" lat="49.0327060" lon="2.0660120"/>
 <node id="1188983278" visible="true" version="1" changeset="7470909" timestamp="2011-03-06T11:03:50Z" user="yargil" uid="157949" lat="49.0333410" lon="2.0682840"/>
 <node id="1188984138" visible="true" version="1" changeset="7470909" timestamp="2011-03-06T11:04:40Z" user="yargil" uid="157949" lat="49.0341660" lon="2.0683940"/>
 <node id="1188984224" visible="true" version="1" changeset="7470909" timestamp="2011-03-06T11:04:52Z" user="yargil" uid="157949" lat="49.0329040" lon="2.0661610"/>
 <node id="1188984345" visible="true" version="1" changeset="7470909" timestamp="2011-03-06T11:05:10Z" user="yargil" uid="157949" lat="49.0343420" lon="2.0668120"/>
 <node id="1188984972" visible="true" version="1" changeset="7470909" timestamp="2011-03-06T11:05:52Z" user="yargil" uid="157949" lat="49.0329080" lon="2.0673920"/>
 <node id="1188985875" visible="true" version="1" changeset="7470909" timestamp="2011-03-06T11:06:56Z" user="yargil" uid="157949" lat="49.0323910" lon="2.0657120"/>
 <node id="1188986586" visible="true" version="1" changeset="7470909" timestamp="2011-03-06T11:07:52Z" user="yargil" uid="157949" lat="49.0332330" lon="2.0683290"/>
 <node id="1188987259" visible="true" version="1" changeset="7470909" timestamp="2011-03-06T11:08:44Z" user="yargil" uid="157949" lat="49.0329460" lon="2.0671930"/>
 <node id="1188987506" visible="true" version="1" changeset="7470909" timestamp="2011-03-06T11:09:08Z" user="yargil" uid="157949" lat="49.0332060" lon="2.0669650"/>
 <node id="1188987853" visible="true" version="1" changeset="7470909" timestamp="2011-03-06T11:09:50Z" user="yargil" uid="157949" lat="49.0340770" lon="2.0676630"/>
 <node id="1188988121" visible="true" version="1" changeset="7470909" timestamp="2011-03-06T11:10:00Z" user="yargil" uid="157949" lat="49.0327350" lon="2.0663700"/>
 <node id="1188988631" visible="true" version="1" changeset="7470909" timestamp="2011-03-06T11:10:16Z" user="yargil" uid="157949" lat="49.0327410" lon="2.0675430"/>
 <node id="1188988749" visible="true" version="1" changeset="7470909" timestamp="2011-03-06T11:10:19Z" user="yargil" uid="157949" lat="49.0343720" lon="2.0681120"/>
 <node id="1188990263" visible="true" version="1" changeset="7470909" timestamp="2011-03-06T11:11:02Z" user="yargil" uid="157949" lat="49.0328060" lon="2.0673420"/>
 <node id="1188991221" visible="true" version="1" changeset="7470909" timestamp="2011-03-06T11:11:38Z" user="yargil" uid="157949" lat="49.0331210" lon="2.0665710"/>
 <node id="1188991940" visible="true" version="1" changeset="7470909" timestamp="2011-03-06T11:11:49Z" user="yargil" uid="157949" lat="49.0321690" lon="2.0650290"/>
 <node id="1188993991" visible="true" version="1" changeset="7470909" timestamp="2011-03-06T11:12:22Z" user="yargil" uid="157949" lat="49.0343970" lon="2.0662100"/>
 <node id="1188994740" visible="true" version="1" changeset="7470909" timestamp="2011-03-06T11:12:38Z" user="yargil" uid="157949" lat="49.0332310" lon="2.0679050"/>
 <node id="1188995914" visible="true" version="1" changeset="7470909" timestamp="2011-03-06T11:13:07Z" user="yargil" uid="157949" lat="49.0343970" lon="2.0672700"/>
 <node id="1188996675" visible="true" version="1" changeset="7470909" timestamp="2011-03-06T11:13:21Z" user="yargil" uid="157949" lat="49.0339440" lon="2.0660760"/>
 <node id="1188997594" visible="true" version="1" changeset="7470909" timestamp="2011-03-06T11:13:35Z" user="yargil" uid="157949" lat="49.0330530" lon="2.0670640"/>
 <node id="1189001063" visible="true" version="1" changeset="7470909" timestamp="2011-03-06T11:14:38Z" user="yargil" uid="157949" lat="49.0326440" lon="2.0661400"/>
 <node id="1189002082" visible="true" version="1" changeset="7470909" timestamp="2011-03-06T11:14:57Z" user="yargil" uid="157949" lat="49.0342540" lon="2.0683310"/>
 <node id="1189002855" visible="true" version="1" changeset="7470909" timestamp="2011-03-06T11:15:14Z" user="yargil" uid="157949" lat="49.0336950" lon="2.0661940"/>
 <node id="1189003862" visible="true" version="1" changeset="7470909" timestamp="2011-03-06T11:15:41Z" user="yargil" uid="157949" lat="49.0327210" lon="2.0671880"/>
 <node id="1189005300" visible="true" version="1" changeset="7470909" timestamp="2011-03-06T11:16:16Z" user="yargil" uid="157949" lat="49.0329330" lon="2.0665600"/>
 <node id="1189005456" visible="true" version="1" changeset="7470909" timestamp="2011-03-06T11:16:20Z" user="yargil" uid="157949" lat="49.0341280" lon="2.0658720"/>
 <node id="1189005484" visible="true" version="1" changeset="7470909" timestamp="2011-03-06T11:16:20Z" user="yargil" uid="157949" lat="49.0331180" lon="2.0664970"/>
 <node id="1189006180" visible="true" version="1" changeset="7470909" timestamp="2011-03-06T11:16:35Z" user="yargil" uid="157949" lat="49.0325420" lon="2.0655230"/>
 <node id="1189006417" visible="true" version="1" changeset="7470909" timestamp="2011-03-06T11:16:39Z" user="yargil" uid="157949" lat="49.0334050" lon="2.0680150"/>
 <node id="1189008914" visible="true" version="1" changeset="7470909" timestamp="2011-03-06T11:17:29Z" user="yargil" uid="157949" lat="49.0340920" lon="2.0677990"/>
 <node id="1189010061" visible="true" version="1" changeset="7470909" timestamp="2011-03-06T11:18:04Z" user="yargil" uid="157949" lat="49.0343030" lon="2.0668770"/>
 <node id="1189012142" visible="true" version="1" changeset="7470909" timestamp="2011-03-06T11:18:54Z" user="yargil" uid="157949" lat="49.0329060" lon="2.0671870"/>
 <node id="1189014202" visible="true" version="1" changeset="7470909" timestamp="2011-03-06T11:19:48Z" user="yargil" uid="157949" lat="49.0326790" lon="2.0660490"/>
 <node id="1189016472" visible="true" version="1" changeset="7470909" timestamp="2011-03-06T11:20:42Z" user="yargil" uid="157949" lat="49.0333650" lon="2.0678300"/>
 <node id="1189016845" visible="true" version="1" changeset="7470909" timestamp="2011-03-06T11:20:55Z" user="yargil" uid="157949" lat="49.0328570" lon="2.0660270"/>
 <node id="1189018172" visible="true" version="1" changeset="7470909" timestamp="2011-03-06T11:21:32Z" user="yargil" uid="157949" lat="49.0341110" lon="2.0661760"/>
 <node id="1189018749" visible="true" version="1" changeset="7470909" timestamp="2011-03-06T11:21:48Z" user="yargil" uid="157949" lat="49.0333750" lon="2.0685030"/>
 <node id="1189020468" visible="true" version="1" changeset="7470909" timestamp="2011-03-06T11:22:40Z" user="yargil" uid="157949" lat="49.0338450" lon="2.0686230"/>
 <node id="1189021503" visible="true" version="1" changeset="7470909" timestamp="2011-03-06T11:23:13Z" user="yargil" uid="157949" lat="49.0327420" lon="2.0673860"/>
 <node id="1189021619" visible="true" version="1" changeset="7470909" timestamp="2011-03-06T11:23:17Z" user="yargil" uid="157949" lat="49.0341730" lon="2.0670110"/>
 <node id="1189022187" visible="true" version="1" changeset="7470909" timestamp="2011-03-06T11:23:36Z" user="yargil" uid="157949" lat="49.0338530" lon="2.0659250"/>
 <node id="1189022722" visible="true" version="1" changeset="7470909" timestamp="2011-03-06T11:23:51Z" user="yargil" uid="157949" lat="49.0326770" lon="2.0663130"/>
 <node id="1189023315" visible="true" version="1" changeset="7470909" timestamp="2011-03-06T11:24:11Z" user="yargil" uid="157949" lat="49.0327830" lon="2.0673610"/>
 <node id="1189024448" visible="true" version="1" changeset="7470909" timestamp="2011-03-06T11:24:48Z" user="yargil" uid="157949" lat="49.0330390" lon="2.0667030"/>
 <node id="1189024553" visible="true" version="1" changeset="7470909" timestamp="2011-03-06T11:24:52Z" user="yargil" uid="157949" lat="49.0332140" lon="2.0667050"/>
 <node id="1189024922" visible="true" version="1" changeset="7470909" timestamp="2011-03-06T11:25:06Z" user="yargil" uid="157949" lat="49.0324050" lon="2.0655710"/>
 <node id="1189025461" visible="true" version="1" changeset="7470909" timestamp="2011-03-06T11:25:24Z" user="yargil" uid="157949" lat="49.0324530" lon="2.0667470"/>
 <node id="1189026863" visible="true" version="1" changeset="7470909" timestamp="2011-03-06T11:26:06Z" user="yargil" uid="157949" lat="49.0340740" lon="2.0676510"/>
 <node id="1189027673" visible="true" version="1" changeset="7472029" timestamp="2011-03-06T11:26:25Z" user="yargil" uid="157949" lat="49.0345530" lon="2.0672030"/>
 <node id="1189027999" visible="true" version="1" changeset="7472029" timestamp="2011-03-06T11:26:37Z" user="yargil" uid="157949" lat="49.0341390" lon="2.0689800"/>
 <node id="1189028005" visible="true" version="1" changeset="7472029" timestamp="2011-03-06T11:26:37Z" user="yargil" uid="157949" lat="49.0332330" lon="2.0671060"/>
 <node id="1189028124" visible="true" version="1" changeset="7472029" timestamp="2011-03-06T11:26:43Z" user="yargil" uid="157949" lat="49.0326030" lon="2.0676870"/>
 <node id="1189028465" visible="true" version="1" changeset="7472029" timestamp="2011-03-06T11:27:00Z" user="yargil" uid="157949" lat="49.0333560" lon="2.0667760"/>
 <node id="1189028649" visible="true" version="1" changeset="7472029" timestamp="2011-03-06T11:27:06Z" user="yargil" uid="157949" lat="49.0323050" lon="2.0681320"/>
 <node id="1189028791" visible="true" version="1" changeset="7472029" timestamp="2011-03-06T11:27:13Z" user="yargil" uid="157949" lat="49.0342760" lon="2.0685040"/>
 <node id="1189029077" visible="true" version="1" changeset="7472029" timestamp="2011-03-06T11:27:29Z" user="yargil" uid="157949" lat="49.0332950" lon="2.0680520"/>
 <node id="1189029526" visible="true" version="1" changeset="7472029" timestamp="2011-03-06T11:27:52Z" user="yargil" uid="157949" lat="49.0329730" lon="2.0666560"/>
 <node id="1189029548" visible="true" version="1" changeset="7472029" timestamp="2011-03-06T11:27:54Z" user="yargil" uid="157949" lat="49.0341540" lon="2.0666160"/>
 <node id="1189029552" visible="true" version="1" changeset="7472029" timestamp="2011-03-06T11:27:55Z" user="yargil" uid="157949" lat="49.0330830" lon="2.0664180"/>
 <node id="1189029627" visible="true" version="1" changeset="7472029" timestamp="2011-03-06T11:28:01Z" user="yargil" uid="157949" lat="49.0325130" lon="2.0655190"/>
 <node id="1189029659" visible="true" version="1" changeset="7472029" timestamp="2011-03-06T11:28:03Z" user="yargil" uid="157949" lat="49.0333390" lon="2.0679840"/>
 <node id="1189030139" visible="true" version="1" changeset="7472029" timestamp="2011-03-06T11:28:34Z" user="yargil" uid="157949" lat="49.0340660" lon="2.0676910"/>
 <node id="1189030305" visible="true" version="1" changeset="7472029" timestamp="2011-03-06T11:28:41Z" user="yargil" uid="157949" lat="49.0327020" lon="2.0663450"/>
 <node id="1189030515" visible="true" version="1" changeset="7472029" timestamp="2011-03-06T11:28:51Z" user="yargil" uid="157949" lat="49.0343450" lon="2.0669530"/>
 <node id="1189030722" visible="true" version="1" changeset="7472029" timestamp="2011-03-06T11:28:58Z" user="yargil" uid="157949" lat="49.0339470" lon="2.0660440"/>
 <node id="1189030817" visible="true" version="2" changeset="145198514" timestamp="2023-12-16T21:50:19Z" user="Furdrien" uid="6696140" lat="49.0338388" lon="2.0692034"/>
 <node id="1189030909" visible="true" version="1" changeset="7472029" timestamp="2011-03-06T11:29:12Z" user="yargil" uid="157949" lat="49.0328060" lon="2.0671100"/>
 <node id="1189031147" visible="true" version="1" changeset="7472029" timestamp="2011-03-06T11:29:29Z" user="yargil" uid="157949" lat="49.0335760" lon="2.0660830"/>
 <node id="1189031566" visible="true" version="1" changeset="7472029" timestamp="2011-03-06T11:29:50Z" user="yargil" uid="157949" lat="49.0343460" lon="2.0662780"/>
 <node id="1189031751" visible="true" version="1" changeset="7472029" timestamp="2011-03-06T11:29:58Z" user="yargil" uid="157949" lat="49.0333650" lon="2.0677790"/>
 <node id="1189031889" visible="true" version="1" changeset="7472029" timestamp="2011-03-06T11:30:03Z" user="yargil" uid="157949" lat="49.0327930" lon="2.0659840"/>
 <node id="1189032128" visible="true" version="1" changeset="7472029" timestamp="2011-03-06T11:30:21Z" user="yargil" uid="157949" lat="49.0342220" lon="2.0662420"/>
 <node id="1189032363" visible="true" version="1" changeset="7472029" timestamp="2011-03-06T11:30:36Z" user="yargil" uid="157949" lat="49.0316580" lon="2.0689200"/>
 <node id="1189032603" visible="true" version="1" changeset="7472029" timestamp="2011-03-06T11:30:52Z" user="yargil" uid="157949" lat="49.0339590" lon="2.0685550"/>
 <node id="1189032981" visible="true" version="1" changeset="7472029" timestamp="2011-03-06T11:31:09Z" user="yargil" uid="157949" lat="49.0327170" lon="2.0674830"/>
 <node id="1189033031" visible="true" version="1" changeset="7472029" timestamp="2011-03-06T11:31:11Z" user="yargil" uid="157949" lat="49.0342640" lon="2.0670110"/>
 <node id="1189033232" visible="true" version="1" changeset="7472029" timestamp="2011-03-06T11:31:17Z" user="yargil" uid="157949" lat="49.0335790" lon="2.0659260"/>
 <node id="1189033641" visible="true" version="1" changeset="7472029" timestamp="2011-03-06T11:31:29Z" user="yargil" uid="157949" lat="49.0326840" lon="2.0671330"/>
 <node id="1189034230" visible="true" version="1" changeset="7472029" timestamp="2011-03-06T11:31:43Z" user="yargil" uid="157949" lat="49.0329890" lon="2.0671090"/>
 <node id="1189034310" visible="true" version="1" changeset="7472029" timestamp="2011-03-06T11:31:45Z" user="yargil" uid="157949" lat="49.0332280" lon="2.0667650"/>
 <node id="1189034568" visible="true" version="1" changeset="7472029" timestamp="2011-03-06T11:31:51Z" user="yargil" uid="157949" lat="49.0324200" lon="2.0656380"/>
 <node id="1189034885" visible="true" version="1" changeset="7472029" timestamp="2011-03-06T11:31:58Z" user="yargil" uid="157949" lat="49.0324080" lon="2.0666720"/>
 <node id="1189035518" visible="true" version="1" changeset="7472029" timestamp="2011-03-06T11:32:17Z" user="yargil" uid="157949" lat="49.0342180" lon="2.0679700"/>
 <node id="1189035681" visible="true" version="1" changeset="7472029" timestamp="2011-03-06T11:32:23Z" user="yargil" uid="157949" lat="49.0328870" lon="2.0662810"/>
 <node id="1189035951" visible="true" version="1" changeset="7472029" timestamp="2011-03-06T11:32:32Z" user="yargil" uid="157949" lat="49.0346420" lon="2.0672700"/>
 <node id="1189036143" visible="true" version="1" changeset="7472029" timestamp="2011-03-06T11:32:38Z" user="yargil" uid="157949" lat="49.0296160" lon="2.0682540"/>
 <node id="1189036179" visible="true" version="1" changeset="7472029" timestamp="2011-03-06T11:32:39Z" user="yargil" uid="157949" lat="49.0338350" lon="2.0659800"/>
 <node id="1189036652" visible="true" version="1" changeset="7472029" timestamp="2011-03-06T11:32:53Z" user="yargil" uid="157949" lat="49.0328720" lon="2.0670620"/>
 <node id="1189037364" visible="true" version="1" changeset="7472029" timestamp="2011-03-06T11:33:14Z" user="yargil" uid="157949" lat="49.0336950" lon="2.0678710"/>
 <node id="1189038610" visible="true" version="1" changeset="7472029" timestamp="2011-03-06T11:33:49Z" user="yargil" uid="157949" lat="49.0332960" lon="2.0681880"/>
 <node id="1189039516" visible="true" version="1" changeset="7472029" timestamp="2011-03-06T11:34:14Z" user="yargil" uid="157949" lat="49.0329840" lon="2.0665820"/>
 <node id="1189039836" visible="true" version="1" changeset="7472029" timestamp="2011-03-06T11:34:24Z" user="yargil" uid="157949" lat="49.0331630" lon="2.0670110"/>
 <node id="1189040746" visible="true" version="1" changeset="7472029" timestamp="2011-03-06T11:34:47Z" user="yargil" uid="157949" lat="49.0340750" lon="2.0676800"/>
 <node id="1189041487" visible="true" version="1" changeset="7472029" timestamp="2011-03-06T11:35:03Z" user="yargil" uid="157949" lat="49.0343650" lon="2.0667810"/>
 <node id="1189042727" visible="true" version="1" changeset="7472029" timestamp="2011-03-06T11:35:27Z" user="yargil" uid="157949" lat="49.0328260" lon="2.0670810"/>
 <node id="1189043540" visible="true" version="1" changeset="7472029" timestamp="2011-03-06T11:35:45Z" user="yargil" uid="157949" lat="49.0335600" lon="2.0661020"/>
 <node id="1189044235" visible="true" version="1" changeset="7472029" timestamp="2011-03-06T11:36:06Z" user="yargil" uid="157949" lat="49.0344510" lon="2.0663040"/>
 <node id="1189044492" visible="true" version="1" changeset="7472029" timestamp="2011-03-06T11:36:14Z" user="yargil" uid="157949" lat="49.0333340" lon="2.0677030"/>
 <node id="1189045216" visible="true" version="1" changeset="7472029" timestamp="2011-03-06T11:36:36Z" user="yargil" uid="157949" lat="49.0339180" lon="2.0663540"/>
 <node id="1189045486" visible="true" version="1" changeset="7472029" timestamp="2011-03-06T11:36:44Z" user="yargil" uid="157949" lat="49.0331760" lon="2.0671660"/>
 <node id="1189046461" visible="true" version="1" changeset="7472029" timestamp="2011-03-06T11:37:07Z" user="yargil" uid="157949" lat="49.0339700" lon="2.0684940"/>
 <node id="1189046747" visible="true" version="1" changeset="7472029" timestamp="2011-03-06T11:37:12Z" user="yargil" uid="157949" lat="49.0321750" lon="2.0682740"/>
 <node id="1189046961" visible="true" version="1" changeset="7472029" timestamp="2011-03-06T11:37:20Z" user="yargil" uid="157949" lat="49.0341380" lon="2.0684550"/>
 <node id="1189047154" visible="true" version="1" changeset="7472029" timestamp="2011-03-06T11:37:26Z" user="yargil" uid="157949" lat="49.0345480" lon="2.0658950"/>
 <node id="1189047161" visible="true" version="1" changeset="7472029" timestamp="2011-03-06T11:37:27Z" user="yargil" uid="157949" lat="49.0336290" lon="2.0658610"/>
 <node id="1189047543" visible="true" version="1" changeset="7472029" timestamp="2011-03-06T11:37:40Z" user="yargil" uid="157949" lat="49.0327580" lon="2.0671850"/>
 <node id="1189047947" visible="true" version="1" changeset="7472029" timestamp="2011-03-06T11:38:07Z" user="yargil" uid="157949" lat="49.0334060" lon="2.0681020"/>
 <node id="1189048301" visible="true" version="1" changeset="7472029" timestamp="2011-03-06T11:38:35Z" user="yargil" uid="157949" lat="49.0342230" lon="2.0680770"/>
 <node id="1189048378" visible="true" version="1" changeset="7472029" timestamp="2011-03-06T11:38:41Z" user="yargil" uid="157949" lat="49.0329040" lon="2.0662020"/>
 <node id="1189048594" visible="true" version="1" changeset="7472029" timestamp="2011-03-06T11:38:53Z" user="yargil" uid="157949" lat="49.0342880" lon="2.0672040"/>
 <node id="1189049074" visible="true" version="1" changeset="7472029" timestamp="2011-03-06T11:39:24Z" user="yargil" uid="157949" lat="49.0328930" lon="2.0669780"/>
 <node id="1189049380" visible="true" version="1" changeset="7472029" timestamp="2011-03-06T11:39:45Z" user="yargil" uid="157949" lat="49.0332990" lon="2.0667910"/>
 <node id="1189049533" visible="true" version="1" changeset="7472029" timestamp="2011-03-06T11:39:50Z" user="yargil" uid="157949" lat="49.0323860" lon="2.0657020"/>
 <node id="1189049854" visible="true" version="1" changeset="7472029" timestamp="2011-03-06T11:40:15Z" user="yargil" uid="157949" lat="49.0344390" lon="2.0663310"/>
 <node id="1189050083" visible="true" version="1" changeset="7472029" timestamp="2011-03-06T11:40:29Z" user="yargil" uid="157949" lat="49.0332480" lon="2.0669080"/>
 <node id="1189051253" visible="true" version="1" changeset="7472029" timestamp="2011-03-06T11:41:36Z" user="yargil" uid="157949" lat="49.0332300" lon="2.0669430"/>
 <node id="1189052224" visible="true" version="1" changeset="7472029" timestamp="2011-03-06T11:42:33Z" user="yargil" uid="157949" lat="49.0336930" lon="2.0683560"/>
 <node id="1189053005" visible="true" version="1" changeset="7472029" timestamp="2011-03-06T11:43:10Z" user="yargil" uid="157949" lat="49.0341510" lon="2.0667990"/>
 <node id="1189053964" visible="true" version="1" changeset="7472029" timestamp="2011-03-06T11:43:45Z" user="yargil" uid="157949" lat="49.0328530" lon="2.0674580"/>
 <node id="1189055123" visible="true" version="1" changeset="7472029" timestamp="2011-03-06T11:44:13Z" user="yargil" uid="157949" lat="49.0331750" lon="2.0666210"/>
 <node id="1189055484" visible="true" version="1" changeset="7472029" timestamp="2011-03-06T11:44:22Z" user="yargil" uid="157949" lat="49.0320990" lon="2.0651700"/>
 <node id="1189056334" visible="true" version="1" changeset="7472029" timestamp="2011-03-06T11:44:45Z" user="yargil" uid="157949" lat="49.0344000" lon="2.0662160"/>
 <node id="1189056856" visible="true" version="1" changeset="7472029" timestamp="2011-03-06T11:44:57Z" user="yargil" uid="157949" lat="49.0332320" lon="2.0677740"/>
 <node id="1189057929" visible="true" version="1" changeset="7472029" timestamp="2011-03-06T11:45:16Z" user="yargil" uid="157949" lat="49.0344310" lon="2.0672270"/>
 <node id="1189058430" visible="true" version="1" changeset="7472029" timestamp="2011-03-06T11:45:24Z" user="yargil" uid="157949" lat="49.0339850" lon="2.0665060"/>
 <node id="1189058758" visible="true" version="1" changeset="7472029" timestamp="2011-03-06T11:45:32Z" user="yargil" uid="157949" lat="49.0330780" lon="2.0670410"/>
 <node id="1189060382" visible="true" version="1" changeset="7472029" timestamp="2011-03-06T11:46:15Z" user="yargil" uid="157949" lat="49.0341250" lon="2.0690610"/>
 <node id="1189060626" visible="true" version="1" changeset="7472029" timestamp="2011-03-06T11:46:23Z" user="yargil" uid="157949" lat="49.0337910" lon="2.0661490"/>
 <node id="1189061025" visible="true" version="1" changeset="7472029" timestamp="2011-03-06T11:46:39Z" user="yargil" uid="157949" lat="49.0326830" lon="2.0672460"/>
 <node id="1189061478" visible="true" version="1" changeset="7472029" timestamp="2011-03-06T11:46:54Z" user="yargil" uid="157949" lat="49.0328970" lon="2.0672400"/>
 <node id="1189061511" visible="true" version="1" changeset="7472029" timestamp="2011-03-06T11:46:56Z" user="yargil" uid="157949" lat="49.0342410" lon="2.0665330"/>
 <node id="1189061515" visible="true" version="1" changeset="7472029" timestamp="2011-03-06T11:46:56Z" user="yargil" uid="157949" lat="49.0330970" lon="2.0665200"/>
 <node id="1189061646" visible="true" version="1" changeset="7472029" timestamp="2011-03-06T11:47:02Z" user="yargil" uid="157949" lat="49.0327420" lon="2.0658980"/>
 <node id="1189061691" visible="true" version="1" changeset="7472029" timestamp="2011-03-06T11:47:04Z" user="yargil" uid="157949" lat="49.0334050" lon="2.0680550"/>
 <node id="1189062633" visible="true" version="1" changeset="7472029" timestamp="2011-03-06T11:47:33Z" user="yargil" uid="157949" lat="49.0340530" lon="2.0680200"/>
 <node id="1189063293" visible="true" version="1" changeset="7472029" timestamp="2011-03-06T11:47:53Z" user="yargil" uid="157949" lat="49.0342990" lon="2.0668690"/>
 <node id="1189063625" visible="true" version="1" changeset="7472029" timestamp="2011-03-06T11:48:03Z" user="yargil" uid="157949" lat="49.0340490" lon="2.0660620"/>
 <node id="1189064336" visible="true" version="1" changeset="7472029" timestamp="2011-03-06T11:48:18Z" user="yargil" uid="157949" lat="49.0329670" lon="2.0673380"/>
 <node id="1189065382" visible="true" version="1" changeset="7472029" timestamp="2011-03-06T11:48:46Z" user="yargil" uid="157949" lat="49.0326560" lon="2.0660050"/>
 <node id="1189066340" visible="true" version="1" changeset="7472029" timestamp="2011-03-06T11:49:03Z" user="yargil" uid="157949" lat="49.0345570" lon="2.0665740"/>
 <node id="1189066822" visible="true" version="1" changeset="7472029" timestamp="2011-03-06T11:49:11Z" user="yargil" uid="157949" lat="49.0333650" lon="2.0678650"/>
 <node id="1189067673" visible="true" version="1" changeset="7472029" timestamp="2011-03-06T11:49:37Z" user="yargil" uid="157949" lat="49.0340860" lon="2.0661360"/>
 <node id="1189067974" visible="true" version="1" changeset="7472029" timestamp="2011-03-06T11:49:48Z" user="yargil" uid="157949" lat="49.0333690" lon="2.0682860"/>
 <node id="1189069207" visible="true" version="1" changeset="7472029" timestamp="2011-03-06T11:50:20Z" user="yargil" uid="157949" lat="49.0337900" lon="2.0686210"/>
 <node id="1189069689" visible="true" version="1" changeset="7472029" timestamp="2011-03-06T11:50:41Z" user="yargil" uid="157949" lat="49.0327460" lon="2.0673960"/>
 <node id="1189069732" visible="true" version="1" changeset="7472029" timestamp="2011-03-06T11:50:43Z" user="yargil" uid="157949" lat="49.0341520" lon="2.0669750"/>
 <node id="1189070264" visible="true" version="1" changeset="7472029" timestamp="2011-03-06T11:51:07Z" user="yargil" uid="157949" lat="49.0332760" lon="2.0668990"/>
 <node id="1189070920" visible="true" version="1" changeset="7472029" timestamp="2011-03-06T11:51:36Z" user="yargil" uid="157949" lat="49.0330010" lon="2.0671400"/>
 <node id="1189070959" visible="true" version="1" changeset="7472029" timestamp="2011-03-06T11:51:39Z" user="yargil" uid="157949" lat="49.0331930" lon="2.0667280"/>
 <node id="1189071115" visible="true" version="1" changeset="7472029" timestamp="2011-03-06T11:51:48Z" user="yargil" uid="157949" lat="49.0323780" lon="2.0656060"/>
 <node id="1189071325" visible="true" version="1" changeset="7472029" timestamp="2011-03-06T11:51:59Z" user="yargil" uid="157949" lat="49.0325050" lon="2.0668220"/>
 <node id="1189071572" visible="true" version="1" changeset="7472029" timestamp="2011-03-06T11:52:10Z" user="yargil" uid="157949" lat="49.0344290" lon="2.0663140"/>
 <node id="1189071835" visible="true" version="1" changeset="7472029" timestamp="2011-03-06T11:52:20Z" user="yargil" uid="157949" lat="49.0340850" lon="2.0676720"/>
 <node id="1189072007" visible="true" version="1" changeset="7472029" timestamp="2011-03-06T11:52:28Z" user="yargil" uid="157949" lat="49.0328030" lon="2.0663740"/>
 <node id="1189072256" visible="true" version="1" changeset="7472029" timestamp="2011-03-06T11:52:40Z" user="yargil" uid="157949" lat="49.0344950" lon="2.0670400"/>
 <node id="1189072720" visible="true" version="1" changeset="7472029" timestamp="2011-03-06T11:53:02Z" user="yargil" uid="157949" lat="49.0331100" lon="2.0672050"/>
 <node id="1189072927" visible="true" version="1" changeset="7472029" timestamp="2011-03-06T11:53:12Z" user="yargil" uid="157949" lat="49.0327090" lon="2.0676920"/>
 <node id="1189073424" visible="true" version="1" changeset="7472029" timestamp="2011-03-06T11:53:42Z" user="yargil" uid="157949" lat="49.0336960" lon="2.0676600"/>
 <node id="1189073909" visible="true" version="1" changeset="7472029" timestamp="2011-03-06T11:54:09Z" user="yargil" uid="157949" lat="49.0343800" lon="2.0681220"/>
 <node id="1189074588" visible="true" version="1" changeset="7472029" timestamp="2011-03-06T11:54:41Z" user="yargil" uid="157949" lat="49.0332950" lon="2.0679820"/>
 <node id="1189076025" visible="true" version="1" changeset="7472029" timestamp="2011-03-06T11:55:19Z" user="yargil" uid="157949" lat="49.0329220" lon="2.0667340"/>
 <node id="1189076171" visible="true" version="1" changeset="7472029" timestamp="2011-03-06T11:55:21Z" user="yargil" uid="157949" lat="49.0342040" lon="2.0665520"/>
 <node id="1189076190" visible="true" version="1" changeset="7472029" timestamp="2011-03-06T11:55:22Z" user="yargil" uid="157949" lat="49.0331420" lon="2.0665490"/>
 <node id="1189076650" visible="true" version="1" changeset="7472029" timestamp="2011-03-06T11:55:31Z" user="yargil" uid="157949" lat="49.0321860" lon="2.0650600"/>
 <node id="1189076749" visible="true" version="1" changeset="7472029" timestamp="2011-03-06T11:55:34Z" user="yargil" uid="157949" lat="49.0333740" lon="2.0679860"/>
 <node id="1189077190" visible="true" version="1" changeset="7472029" timestamp="2011-03-06T11:55:47Z" user="yargil" uid="157949" lat="49.0347020" lon="2.0668490"/>
 <node id="1189078330" visible="true" version="1" changeset="7472029" timestamp="2011-03-06T11:56:11Z" user="yargil" uid="157949" lat="49.0340210" lon="2.0677210"/>
 <node id="1189078577" visible="true" version="1" changeset="7472029" timestamp="2011-03-06T11:56:19Z" user="yargil" uid="157949" lat="49.0326800" lon="2.0663920"/>
 <node id="1189079082" visible="true" version="1" changeset="7472029" timestamp="2011-03-06T11:56:33Z" user="yargil" uid="157949" lat="49.0343260" lon="2.0669800"/>
 <node id="1189079627" visible="true" version="1" changeset="7472029" timestamp="2011-03-06T11:56:43Z" user="yargil" uid="157949" lat="49.0339340" lon="2.0660580"/>
 <node id="1189079950" visible="true" version="1" changeset="7472029" timestamp="2011-03-06T11:56:52Z" user="yargil" uid="157949" lat="49.0326530" lon="2.0662640"/>
 <node id="1189080343" visible="true" version="1" changeset="7472029" timestamp="2011-03-06T11:57:04Z" user="yargil" uid="157949" lat="49.0327120" lon="2.0673940"/>
 <node id="1189083040" visible="true" version="1" changeset="7472029" timestamp="2011-03-06T11:58:03Z" user="yargil" uid="157949" lat="49.0343570" lon="2.0662960"/>
 <node id="1189083542" visible="true" version="1" changeset="7472029" timestamp="2011-03-06T11:58:14Z" user="yargil" uid="157949" lat="49.0333730" lon="2.0677790"/>
 <node id="1189083688" visible="true" version="1" changeset="7472029" timestamp="2011-03-06T11:58:17Z" user="yargil" uid="157949" lat="49.0347690" lon="2.0679620"/>
 <node id="1189083838" visible="true" version="1" changeset="7472029" timestamp="2011-03-06T11:58:21Z" user="yargil" uid="157949" lat="49.0328130" lon="2.0659910"/>
 <node id="1189084778" visible="true" version="1" changeset="7472029" timestamp="2011-03-06T11:58:43Z" user="yargil" uid="157949" lat="49.0341640" lon="2.0658280"/>
 <node id="1189085465" visible="true" version="1" changeset="7472029" timestamp="2011-03-06T11:58:59Z" user="yargil" uid="157949" lat="49.0326070" lon="2.0676840"/>
 <node id="1189086374" visible="true" version="1" changeset="7472029" timestamp="2011-03-06T11:59:21Z" user="yargil" uid="157949" lat="49.0339150" lon="2.0688050"/>
 <node id="1189087180" visible="true" version="1" changeset="7472029" timestamp="2011-03-06T11:59:38Z" user="yargil" uid="157949" lat="49.0343400" lon="2.0671210"/>
 <node id="1189087589" visible="true" version="1" changeset="7472029" timestamp="2011-03-06T11:59:47Z" user="yargil" uid="157949" lat="49.0345080" lon="2.0667120"/>
 <node id="1189087606" visible="true" version="1" changeset="7472029" timestamp="2011-03-06T11:59:47Z" user="yargil" uid="157949" lat="49.0336320" lon="2.0660220"/>
 <node id="1189088991" visible="true" version="1" changeset="7472029" timestamp="2011-03-06T12:00:22Z" user="yargil" uid="157949" lat="49.0330140" lon="2.0670850"/>
 <node id="1189089050" visible="true" version="1" changeset="7472029" timestamp="2011-03-06T12:00:24Z" user="yargil" uid="157949" lat="49.0333120" lon="2.0666750"/>
 <node id="1189089367" visible="true" version="1" changeset="7472029" timestamp="2011-03-06T12:00:31Z" user="yargil" uid="157949" lat="49.0323990" lon="2.0655990"/>
 <node id="1189089453" visible="true" version="1" changeset="7472029" timestamp="2011-03-06T12:00:33Z" user="yargil" uid="157949" lat="49.0333750" lon="2.0682260"/>
 <node id="1189090912" visible="true" version="1" changeset="7472029" timestamp="2011-03-06T12:01:12Z" user="yargil" uid="157949" lat="49.0342230" lon="2.0679660"/>
 <node id="1189091242" visible="true" version="1" changeset="7472029" timestamp="2011-03-06T12:01:20Z" user="yargil" uid="157949" lat="49.0328690" lon="2.0663170"/>
 <node id="1189091765" visible="true" version="1" changeset="7472029" timestamp="2011-03-06T12:01:35Z" user="yargil" uid="157949" lat="49.0345370" lon="2.0669830"/>
 <node id="1189092124" visible="true" version="1" changeset="7472029" timestamp="2011-03-06T12:01:46Z" user="yargil" uid="157949" lat="49.0338240" lon="2.0659600"/>
 <node id="1189092979" visible="true" version="1" changeset="7472029" timestamp="2011-03-06T12:02:07Z" user="yargil" uid="157949" lat="49.0328300" lon="2.0672740"/>
 <node id="1189094177" visible="true" version="1" changeset="7472029" timestamp="2011-03-06T12:02:28Z" user="yargil" uid="157949" lat="49.0336870" lon="2.0678700"/>
 <node id="1189096178" visible="true" version="1" changeset="7472029" timestamp="2011-03-06T12:03:11Z" user="yargil" uid="157949" lat="49.0332580" lon="2.0685310"/>
 <node id="1189097764" visible="true" version="1" changeset="7472029" timestamp="2011-03-06T12:03:45Z" user="yargil" uid="157949" lat="49.0329590" lon="2.0668280"/>
 <node id="1189098544" visible="true" version="1" changeset="7472029" timestamp="2011-03-06T12:04:03Z" user="yargil" uid="157949" lat="49.0331490" lon="2.0669750"/>
 <node id="1189099072" visible="true" version="1" changeset="7472029" timestamp="2011-03-06T12:04:20Z" user="yargil" uid="157949" lat="49.0346230" lon="2.0669530"/>
 <node id="1189100560" visible="true" version="1" changeset="7472029" timestamp="2011-03-06T12:04:54Z" user="yargil" uid="157949" lat="49.0340747" lon="2.0676532"/>
 <node id="1189101899" visible="true" version="1" changeset="7472029" timestamp="2011-03-06T12:05:21Z" user="yargil" uid="157949" lat="49.0326790" lon="2.0676170"/>
 <node id="1189102053" visible="true" version="1" changeset="7472029" timestamp="2011-03-06T12:05:24Z" user="yargil" uid="157949" lat="49.0343500" lon="2.0680820"/>
 <node id="1189103955" visible="true" version="1" changeset="7472029" timestamp="2011-03-06T12:06:05Z" user="yargil" uid="157949" lat="49.0328430" lon="2.0671070"/>
 <node id="1189105546" visible="true" version="1" changeset="7472029" timestamp="2011-03-06T12:06:37Z" user="yargil" uid="157949" lat="49.0332320" lon="2.0665030"/>
 <node id="1189106206" visible="true" version="1" changeset="7472029" timestamp="2011-03-06T12:06:49Z" user="yargil" uid="157949" lat="49.0321470" lon="2.0650270"/>
 <node id="1189107658" visible="true" version="1" changeset="7472029" timestamp="2011-03-06T12:07:19Z" user="yargil" uid="157949" lat="49.0344520" lon="2.0663090"/>
 <node id="1189108123" visible="true" version="1" changeset="7472029" timestamp="2011-03-06T12:07:37Z" user="yargil" uid="157949" lat="49.0333340" lon="2.0677370"/>
 <node id="1189108506" visible="true" version="1" changeset="7472029" timestamp="2011-03-06T12:07:50Z" user="yargil" uid="157949" lat="49.0327720" lon="2.0659820"/>
 <node id="1189109539" visible="true" version="1" changeset="7472029" timestamp="2011-03-06T12:08:26Z" user="yargil" uid="157949" lat="49.0339580" lon="2.0663040"/>
 <node id="1189110092" visible="true" version="1" changeset="7472029" timestamp="2011-03-06T12:08:41Z" user="yargil" uid="157949" lat="49.0331170" lon="2.0672220"/>
 <node id="1189111544" visible="true" version="1" changeset="7472029" timestamp="2011-03-06T12:09:21Z" user="yargil" uid="157949" lat="49.0339780" lon="2.0684970"/>
 <node id="1189111852" visible="true" version="1" changeset="7472029" timestamp="2011-03-06T12:09:30Z" user="yargil" uid="157949" lat="49.0321710" lon="2.0682780"/>
 <node id="1189112396" visible="true" version="1" changeset="7472029" timestamp="2011-03-06T12:09:43Z" user="yargil" uid="157949" lat="49.0341500" lon="2.0683880"/>
 <node id="1189112727" visible="true" version="1" changeset="7472029" timestamp="2011-03-06T12:09:56Z" user="yargil" uid="157949" lat="49.0345090" lon="2.0659410"/>
 <node id="1189112736" visible="true" version="1" changeset="7472029" timestamp="2011-03-06T12:09:57Z" user="yargil" uid="157949" lat="49.0336890" lon="2.0658830"/>
 <node id="1189113385" visible="true" version="1" changeset="7472029" timestamp="2011-03-06T12:10:25Z" user="yargil" uid="157949" lat="49.0327020" lon="2.0671600"/>
 <node id="1189114397" visible="true" version="1" changeset="7472029" timestamp="2011-03-06T12:10:59Z" user="yargil" uid="157949" lat="49.0341380" lon="2.0667540"/>
 <node id="1189114833" visible="true" version="1" changeset="7472029" timestamp="2011-03-06T12:11:14Z" user="yargil" uid="157949" lat="49.0334050" lon="2.0681400"/>
 <node id="1189115895" visible="true" version="1" changeset="7472029" timestamp="2011-03-06T12:11:55Z" user="yargil" uid="157949" lat="49.0342120" lon="2.0679910"/>
 <node id="1189116567" visible="true" version="1" changeset="7472029" timestamp="2011-03-06T12:12:20Z" user="yargil" uid="157949" lat="49.0342690" lon="2.0671770"/>
 <node id="1189117981" visible="true" version="1" changeset="7472029" timestamp="2011-03-06T12:12:59Z" user="yargil" uid="157949" lat="49.0329100" lon="2.0670030"/>
 <node id="1189119074" visible="true" version="1" changeset="7472029" timestamp="2011-03-06T12:13:36Z" user="yargil" uid="157949" lat="49.0332680" lon="2.0668240"/>
 <node id="1189119491" visible="true" version="1" changeset="7472029" timestamp="2011-03-06T12:13:49Z" user="yargil" uid="157949" lat="49.0324180" lon="2.0656610"/>
 <node id="1189121490" visible="true" version="1" changeset="7472029" timestamp="2011-03-06T12:14:45Z" user="yargil" uid="157949" lat="49.0332530" lon="2.0669200"/>
 <node id="1189124673" visible="true" version="1" changeset="7472029" timestamp="2011-03-06T12:16:27Z" user="yargil" uid="157949" lat="49.0333690" lon="2.0683780"/>
 <node id="1189126405" visible="true" version="1" changeset="7472029" timestamp="2011-03-06T12:17:19Z" user="yargil" uid="157949" lat="49.0336850" lon="2.0683570"/>
 <node id="1189129206" visible="true" version="1" changeset="7472029" timestamp="2011-03-06T12:19:01Z" user="yargil" uid="157949" lat="49.0342050" lon="2.0668990"/>
 <node id="1189130087" visible="true" version="1" changeset="7472029" timestamp="2011-03-06T12:19:38Z" user="yargil" uid="157949" lat="49.0337860" lon="2.0663280"/>
 <node id="1189131290" visible="true" version="1" changeset="7472029" timestamp="2011-03-06T12:20:43Z" user="yargil" uid="157949" lat="49.0328540" lon="2.0670360"/>
 <node id="1189132616" visible="true" version="1" changeset="7472029" timestamp="2011-03-06T12:21:35Z" user="yargil" uid="157949" lat="49.0330080" lon="2.0669030"/>
 <node id="1189132728" visible="true" version="1" changeset="7472029" timestamp="2011-03-06T12:21:40Z" user="yargil" uid="157949" lat="49.0331550" lon="2.0666440"/>
 <node id="1189133206" visible="true" version="1" changeset="7472029" timestamp="2011-03-06T12:21:53Z" user="yargil" uid="157949" lat="49.0321630" lon="2.0650890"/>
 <node id="1189133305" visible="true" version="1" changeset="7472029" timestamp="2011-03-06T12:21:56Z" user="yargil" uid="157949" lat="49.0303410" lon="2.0692960"/>
 <node id="1520767567" visible="true" version="1" changeset="9974953" timestamp="2011-11-28T07:00:26Z" user="Meersbrook" uid="412560" lat="49.0346078" lon="2.0662346"/>
 <node id="1535565615" visible="true" version="1" changeset="10059825" timestamp="2011-12-07T18:27:22Z" user="_celine_" uid="556342" lat="49.0378410" lon="2.0644366"/>
 <node id="1864425155" visible="true" version="20" changeset="172296727" timestamp="2025-09-22T13:54:55Z" user="tintou" uid="178739" lat="49.0334674" lon="2.0662385">
  <tag k="bench" v="no"/>
  <tag k="bin" v="yes"/>
  <tag k="bus" v="yes"/>
  <tag k="highway" v="bus_stop"/>
  <tag k="lit" v="yes"/>
  <tag k="mapillary" v="372213510774448"/>
  <tag k="name" v="Paradis"/>
  <tag k="pole" v="yes"/>
  <tag k="public_transport" v="platform"/>
  <tag k="ref:FR:STIF" v="8952"/>
  <tag k="shelter" v="no"/>
  <tag k="STIF:zone" v="5"/>
  <tag k="survey:date" v="2017-03-11"/>
  <tag k="tactile_paving" v="no"/>
 </node>
 <node id="1864425161" visible="true" version="3" changeset="128651261" timestamp="2022-11-08T17:38:42Z" user="Furdrien" uid="6696140" lat="49.0324513" lon="2.0680963"/>
 <node id="2019792264" visible="true" version="2" changeset="145049554" timestamp="2023-12-12T18:43:09Z" user="Furdrien" uid="6696140" lat="49.0293564" lon="2.0678940"/>
 <node id="2343024460" visible="true" version="9" changeset="160901920" timestamp="2025-01-02T11:08:59Z" user="Nzau" uid="15118949" lat="49.0345285" lon="2.0678641">
  <tag k="crossing" v="marked"/>
  <tag k="crossing:markings" v="zebra"/>
  <tag k="highway" v="crossing"/>
  <tag k="tactile_paving" v="no"/>
 </node>
 <node id="2343024461" visible="true" version="9" changeset="160901920" timestamp="2025-01-02T11:08:59Z" user="Nzau" uid="15118949" lat="49.0344687" lon="2.0679727">
  <tag k="crossing" v="marked"/>
  <tag k="crossing:markings" v="zebra"/>
  <tag k="highway" v="crossing"/>
  <tag k="kerb" v="lowered"/>
  <tag k="tactile_paving" v="no"/>
 </node>
 <node id="2343027556" visible="true" version="2" changeset="117830596" timestamp="2022-02-24T23:23:40Z" user="Furdrien" uid="6696140" lat="49.0327849" lon="2.0653272"/>
 <node id="2343027557" visible="true" version="2" changeset="117830596" timestamp="2022-02-24T23:23:40Z" user="Furdrien" uid="6696140" lat="49.0328292" lon="2.0652771"/>
 <node id="2343027558" visible="true" version="4" changeset="117830596" timestamp="2022-02-24T23:23:40Z" user="Furdrien" uid="6696140" lat="49.0331434" lon="2.0659231"/>
 <node id="2343027559" visible="true" version="2" changeset="117830596" timestamp="2022-02-24T23:23:40Z" user="Furdrien" uid="6696140" lat="49.0330991" lon="2.0659732"/>
 <node id="2343027560" visible="true" version="2" changeset="117830596" timestamp="2022-02-24T23:23:40Z" user="Furdrien" uid="6696140" lat="49.0330191" lon="2.0655828"/>
 <node id="2343027562" visible="true" version="2" changeset="117830596" timestamp="2022-02-24T23:23:40Z" user="Furdrien" uid="6696140" lat="49.0331726" lon="2.0658852"/>
 <node id="2343027563" visible="true" version="2" changeset="117830596" timestamp="2022-02-24T23:23:40Z" user="Furdrien" uid="6696140" lat="49.0328766" lon="2.0652868"/>
 <node id="2343027566" visible="true" version="2" changeset="117830596" timestamp="2022-02-24T23:23:40Z" user="Furdrien" uid="6696140" lat="49.0327555" lon="2.0650208"/>
 <node id="2788391904" visible="true" version="2" changeset="73897524" timestamp="2019-08-29T19:55:30Z" user="Furdrien" uid="6696140" lat="49.0336093" lon="2.0717324"/>
 <node id="2788391905" visible="true" version="2" changeset="73897524" timestamp="2019-08-29T19:55:30Z" user="Furdrien" uid="6696140" lat="49.0336481" lon="2.0718773"/>
 <node id="2788391907" visible="true" version="2" changeset="73897524" timestamp="2019-08-29T19:55:30Z" user="Furdrien" uid="6696140" lat="49.0336692" lon="2.0703827"/>
 <node id="2788391908" visible="true" version="1" changeset="21667373" timestamp="2014-04-13T15:34:42Z" user="yargil" uid="157949" lat="49.0336644" lon="2.0702329"/>
 <node id="2788391909" visible="true" version="2" changeset="73897524" timestamp="2019-08-29T19:55:30Z" user="Furdrien" uid="6696140" lat="49.0336807" lon="2.0703029"/>
 <node id="2788391929" visible="true" version="3" changeset="152084661" timestamp="2024-05-31T14:46:08Z" user="Furdrien" uid="6696140" lat="49.0382230" lon="2.0642705"/>
 <node id="2874099072" visible="true" version="7" changeset="160901928" timestamp="2025-01-02T11:09:10Z" user="Nzau" uid="15118949" lat="49.0328423" lon="2.0652180">
  <tag k="crossing" v="marked"/>
  <tag k="crossing:island" v="no"/>
  <tag k="crossing:markings" v="zebra"/>
  <tag k="highway" v="crossing"/>
  <tag k="tactile_paving" v="yes"/>
 </node>
 <node id="2874099073" visible="true" version="3" changeset="117830596" timestamp="2022-02-24T23:23:40Z" user="Furdrien" uid="6696140" lat="49.0324225" lon="2.0642564">
  <tag k="highway" v="traffic_signals"/>
  <tag k="traffic_signals:direction" v="forward"/>
 </node>
 <node id="2874099075" visible="true" version="7" changeset="160901928" timestamp="2025-01-02T11:09:10Z" user="Nzau" uid="15118949" lat="49.0331868" lon="2.0659141">
  <tag k="crossing" v="marked"/>
  <tag k="crossing:island" v="no"/>
  <tag k="crossing:markings" v="zebra"/>
  <tag k="highway" v="crossing"/>
  <tag k="tactile_paving" v="yes"/>
 </node>
 <node id="2874099078" visible="true" version="7" changeset="160901928" timestamp="2025-01-02T11:09:10Z" user="Nzau" uid="15118949" lat="49.0327745" lon="2.0650623">
  <tag k="crossing" v="marked"/>
  <tag k="crossing:island" v="no"/>
  <tag k="crossing:markings" v="zebra"/>
  <tag k="highway" v="crossing"/>
  <tag k="tactile_paving" v="yes"/>
 </node>
 <node id="2874586088" visible="true" version="2" changeset="142495447" timestamp="2023-10-12T19:56:24Z" user="cat_mapping2" uid="9715697" lat="49.0336645" lon="2.0663695">
  <tag k="addr:city" v="CERGY"/>
  <tag k="addr:housenumber" v="17"/>
  <tag k="addr:postcode" v="95000"/>
  <tag k="addr:street" v="Rue des Paradis"/>
  <tag k="source" v="Bing;DGFiP - Cadastre 2014"/>
 </node>
 <node id="2874586089" visible="true" version="1" changeset="22488336" timestamp="2014-05-22T16:18:20Z" user="Eric V" uid="163480" lat="49.0339317" lon="2.0662406">
  <tag k="addr:housenumber" v="19"/>
  <tag k="source" v="Bing ; DGFiP - Cadastre 2014"/>
 </node>
 <node id="2874586091" visible="true" version="2" changeset="142495447" timestamp="2023-10-12T19:56:24Z" user="cat_mapping2" uid="9715697" lat="49.0338728" lon="2.0666554">
  <tag k="addr:city" v="CERGY"/>
  <tag k="addr:housenumber" v="21"/>
  <tag k="addr:postcode" v="95000"/>
  <tag k="addr:street" v="Rue des Paradis"/>
  <tag k="source" v="Bing;DGFiP - Cadastre 2014"/>
 </node>
 <node id="2874586093" visible="true" version="2" changeset="142495447" timestamp="2023-10-12T19:56:24Z" user="cat_mapping2" uid="9715697" lat="49.0339204" lon="2.0667072">
  <tag k="addr:city" v="CERGY"/>
  <tag k="addr:housenumber" v="23"/>
  <tag k="addr:postcode" v="95000"/>
  <tag k="addr:street" v="Rue des Paradis"/>
  <tag k="source" v="Bing;DGFiP - Cadastre 2014"/>
 </node>
 <node id="2874586094" visible="true" version="2" changeset="142495447" timestamp="2023-10-12T19:56:24Z" user="cat_mapping2" uid="9715697" lat="49.0340705" lon="2.0669247">
  <tag k="addr:city" v="CERGY"/>
  <tag k="addr:housenumber" v="25"/>
  <tag k="addr:postcode" v="95000"/>
  <tag k="addr:street" v="Rue des Paradis"/>
  <tag k="source" v="Bing;DGFiP - Cadastre 2014"/>
 </node>
 <node id="2874586095" visible="true" version="2" changeset="142495447" timestamp="2023-10-12T19:56:24Z" user="cat_mapping2" uid="9715697" lat="49.0342586" lon="2.0671941">
  <tag k="addr:city" v="CERGY"/>
  <tag k="addr:housenumber" v="27"/>
  <tag k="addr:postcode" v="95000"/>
  <tag k="addr:street" v="Rue des Paradis"/>
  <tag k="source" v="Bing;DGFiP - Cadastre 2014"/>
 </node>
 <node id="3388985600" visible="true" version="1" changeset="29326711" timestamp="2015-03-08T10:17:06Z" user="yargil" uid="157949" lat="49.0366010" lon="2.0705400"/>
 <node id="4274488836" visible="true" version="4" changeset="117830596" timestamp="2022-02-24T23:23:40Z" user="Furdrien" uid="6696140" lat="49.0335184" lon="2.0670343">
  <tag k="button_operated" v="yes"/>
  <tag k="crossing" v="traffic_signals"/>
  <tag k="highway" v="crossing"/>
 </node>
 <node id="4274488837" visible="true" version="3" changeset="117830596" timestamp="2022-02-24T23:23:40Z" user="Furdrien" uid="6696140" lat="49.0335308" lon="2.0667198"/>
 <node id="4274488839" visible="true" version="2" changeset="117830596" timestamp="2022-02-24T23:23:40Z" user="Furdrien" uid="6696140" lat="49.0335258" lon="2.0670036"/>
 <node id="4274488840" visible="true" version="3" changeset="117830596" timestamp="2022-02-24T23:23:40Z" user="Furdrien" uid="6696140" lat="49.0335398" lon="2.0669071">
  <tag k="direction" v="forward"/>
  <tag k="highway" v="traffic_signals"/>
  <tag k="traffic_signals" v="signal"/>
 </node>
 <node id="4274488842" visible="true" version="3" changeset="104312896" timestamp="2021-05-07T11:05:26Z" user="Zatigem" uid="8126399" lat="49.0335672" lon="2.0671634">
  <tag k="button_operated" v="yes"/>
  <tag k="crossing" v="traffic_signals"/>
  <tag k="highway" v="crossing"/>
 </node>
 <node id="4274488844" visible="true" version="1" changeset="40403801" timestamp="2016-06-30T21:39:29Z" user="Deuar" uid="3630009" lat="49.0336038" lon="2.0672849"/>
 <node id="4274488845" visible="true" version="2" changeset="145017752" timestamp="2023-12-11T23:40:29Z" user="Furdrien" uid="6696140" lat="49.0336510" lon="2.0692170"/>
 <node id="4911512183" visible="true" version="3" changeset="186576316" timestamp="2026-07-29T10:42:34Z" user="Byenin" uid="20432726" lat="49.0332533" lon="2.0660132"/>
 <node id="4979605966" visible="true" version="1" changeset="50405344" timestamp="2017-07-19T13:25:29Z" user="ika-chan!" uid="4763179" lat="49.0309516" lon="2.0701062"/>
 <node id="4979605967" visible="true" version="2" changeset="128651261" timestamp="2022-11-08T17:38:42Z" user="Furdrien" uid="6696140" lat="49.0305837" lon="2.0706423"/>
 <node id="4979605970" visible="true" version="1" changeset="50405344" timestamp="2017-07-19T13:25:29Z" user="ika-chan!" uid="4763179" lat="49.0306037" lon="2.0706123"/>
 <node id="4979712927" visible="true" version="2" changeset="104312896" timestamp="2021-05-07T11:05:26Z" user="Zatigem" uid="8126399" lat="49.0335423" lon="2.0670956">
  <tag k="button_operated" v="yes"/>
  <tag k="crossing" v="traffic_signals"/>
  <tag k="highway" v="crossing"/>
 </node>
 <node id="4979712928" visible="true" version="2" changeset="117830596" timestamp="2022-02-24T23:23:40Z" user="Furdrien" uid="6696140" lat="49.0337320" lon="2.0669455"/>
 <node id="4979712929" visible="true" version="2" changeset="117830596" timestamp="2022-02-24T23:23:40Z" user="Furdrien" uid="6696140" lat="49.0340658" lon="2.0672744"/>
 <node id="4979712930" visible="true" version="2" changeset="117830596" timestamp="2022-02-24T23:23:40Z" user="Furdrien" uid="6696140" lat="49.0338539" lon="2.0670119">
  <tag k="direction" v="forward"/>
  <tag k="highway" v="traffic_signals"/>
  <tag k="traffic_signals" v="signal"/>
 </node>
 <node id="4979712931" visible="true" version="2" changeset="117830596" timestamp="2022-02-24T23:23:40Z" user="Furdrien" uid="6696140" lat="49.0338875" lon="2.0669409">
  <tag k="direction" v="forward"/>
  <tag k="highway" v="traffic_signals"/>
  <tag k="traffic_signals" v="signal"/>
 </node>
 <node id="4979712932" visible="true" version="2" changeset="117830596" timestamp="2022-02-24T23:23:40Z" user="Furdrien" uid="6696140" lat="49.0334934" lon="2.0671382"/>
 <node id="4979712933" visible="true" version="2" changeset="117830596" timestamp="2022-02-24T23:23:40Z" user="Furdrien" uid="6696140" lat="49.0334840" lon="2.0672331"/>
 <node id="4979712934" visible="true" version="2" changeset="117830596" timestamp="2022-02-24T23:23:40Z" user="Furdrien" uid="6696140" lat="49.0335377" lon="2.0671877">
  <tag k="direction" v="forward"/>
  <tag k="highway" v="traffic_signals"/>
  <tag k="traffic_signals" v="signal"/>
 </node>
 <node id="4979712935" visible="true" version="2" changeset="117830596" timestamp="2022-02-24T23:23:40Z" user="Furdrien" uid="6696140" lat="49.0338519" lon="2.0668880"/>
 <node id="4979712936" visible="true" version="2" changeset="117830596" timestamp="2022-02-24T23:23:40Z" user="Furdrien" uid="6696140" lat="49.0336586" lon="2.0669902"/>
 <node id="4979712937" visible="true" version="2" changeset="117830596" timestamp="2022-02-24T23:23:40Z" user="Furdrien" uid="6696140" lat="49.0336807" lon="2.0669741"/>
 <node id="4979712938" visible="true" version="2" changeset="117830596" timestamp="2022-02-24T23:23:40Z" user="Furdrien" uid="6696140" lat="49.0338175" lon="2.0669705"/>
 <node id="4979712939" visible="true" version="2" changeset="117830596" timestamp="2022-02-24T23:23:40Z" user="Furdrien" uid="6696140" lat="49.0337683" lon="2.0670074"/>
 <node id="4979712940" visible="true" version="2" changeset="117830596" timestamp="2022-02-24T23:23:40Z" user="Furdrien" uid="6696140" lat="49.0337941" lon="2.0669541"/>
 <node id="4979712941" visible="true" version="1" changeset="50407267" timestamp="2017-07-19T14:16:37Z" user="ika-chan!" uid="4763179" lat="49.0337213" lon="2.0670436"/>
 <node id="4979712942" visible="true" version="2" changeset="117830596" timestamp="2022-02-24T23:23:40Z" user="Furdrien" uid="6696140" lat="49.0338014" lon="2.0668790"/>
 <node id="4979712943" visible="true" version="2" changeset="117830596" timestamp="2022-02-24T23:23:40Z" user="Furdrien" uid="6696140" lat="49.0337994" lon="2.0669307"/>
 <node id="4979712944" visible="true" version="2" changeset="117830596" timestamp="2022-02-24T23:23:40Z" user="Furdrien" uid="6696140" lat="49.0336356" lon="2.0667945">
  <tag k="direction" v="forward"/>
  <tag k="highway" v="traffic_signals"/>
  <tag k="traffic_signals" v="signal"/>
 </node>
 <node id="4979712945" visible="true" version="1" changeset="50407267" timestamp="2017-07-19T14:16:37Z" user="ika-chan!" uid="4763179" lat="49.0335399" lon="2.0668036"/>
 <node id="4979712946" visible="true" version="2" changeset="145198514" timestamp="2023-12-16T21:50:19Z" user="Furdrien" uid="6696140" lat="49.0339995" lon="2.0688274"/>
 <node id="4979712947" visible="true" version="1" changeset="50407267" timestamp="2017-07-19T14:16:38Z" user="ika-chan!" uid="4763179" lat="49.0341691" lon="2.0678063"/>
 <node id="4979712948" visible="true" version="5" changeset="160901939" timestamp="2025-01-02T11:09:25Z" user="Nzau" uid="15118949" lat="49.0342037" lon="2.0677116">
  <tag k="crossing" v="marked"/>
  <tag k="crossing:markings" v="zebra"/>
  <tag k="highway" v="crossing"/>
  <tag k="tactile_paving" v="yes"/>
 </node>
 <node id="4979712949" visible="true" version="1" changeset="50407267" timestamp="2017-07-19T14:16:38Z" user="ika-chan!" uid="4763179" lat="49.0340995" lon="2.0672631"/>
 <node id="5012443618" visible="true" version="2" changeset="117830596" timestamp="2022-02-24T23:23:40Z" user="Furdrien" uid="6696140" lat="49.0324059" lon="2.0682266">
  <tag k="bus" v="yes"/>
  <tag k="name" v="Les Grouettes"/>
  <tag k="public_transport" v="stop_position"/>
 </node>
 <node id="5012489694" visible="true" version="3" changeset="117830596" timestamp="2022-02-24T23:23:40Z" user="Furdrien" uid="6696140" lat="49.0327160" lon="2.0649321">
  <tag k="bus" v="yes"/>
  <tag k="name" v="Paradis"/>
  <tag k="public_transport" v="stop_position"/>
 </node>
 <node id="5012489695" visible="true" version="2" changeset="117830596" timestamp="2022-02-24T23:23:40Z" user="Furdrien" uid="6696140" lat="49.0334713" lon="2.0663042">
  <tag k="bus" v="yes"/>
  <tag k="name" v="Paradis"/>
  <tag k="public_transport" v="stop_position"/>
 </node>
 <node id="5679374003" visible="true" version="1" changeset="59708241" timestamp="2018-06-10T10:30:25Z" user="Furdrien" uid="6696140" lat="49.0333918" lon="2.0659218"/>
 <node id="5679374004" visible="true" version="1" changeset="59708241" timestamp="2018-06-10T10:30:25Z" user="Furdrien" uid="6696140" lat="49.0333833" lon="2.0658073"/>
 <node id="5679374005" visible="true" version="1" changeset="59708241" timestamp="2018-06-10T10:30:25Z" user="Furdrien" uid="6696140" lat="49.0333770" lon="2.0658928"/>
 <node id="5679374006" visible="true" version="1" changeset="59708241" timestamp="2018-06-10T10:30:25Z" user="Furdrien" uid="6696140" lat="49.0333730" lon="2.0658300"/>
 <node id="6184107289" visible="true" version="1" changeset="66025185" timestamp="2019-01-04T15:29:01Z" user="Furdrien" uid="6696140" lat="49.0360786" lon="2.0652817"/>
 <node id="6184107291" visible="true" version="4" changeset="142341783" timestamp="2023-10-09T09:53:40Z" user="cat_mapping2" uid="9715697" lat="49.0345928" lon="2.0677245">
  <tag k="crossing" v="uncontrolled"/>
  <tag k="crossing:markings" v="yes"/>
  <tag k="highway" v="crossing"/>
  <tag k="kerb" v="lowered"/>
  <tag k="tactile_paving" v="yes"/>
 </node>
 <node id="6213872610" visible="true" version="1" changeset="66369455" timestamp="2019-01-16T16:46:58Z" user="Furdrien" uid="6696140" lat="49.0327561" lon="2.0653590"/>
 <node id="6213872611" visible="true" version="1" changeset="66369455" timestamp="2019-01-16T16:46:58Z" user="Furdrien" uid="6696140" lat="49.0331348" lon="2.0660846"/>
 <node id="6213872612" visible="true" version="1" changeset="66369455" timestamp="2019-01-16T16:46:58Z" user="Furdrien" uid="6696140" lat="49.0327783" lon="2.0655593"/>
 <node id="6213872613" visible="true" version="1" changeset="66369455" timestamp="2019-01-16T16:46:58Z" user="Furdrien" uid="6696140" lat="49.0330470" lon="2.0660584"/>
 <node id="6213872614" visible="true" version="1" changeset="66369455" timestamp="2019-01-16T16:46:58Z" user="Furdrien" uid="6696140" lat="49.0326652" lon="2.0654807"/>
 <node id="6213872615" visible="true" version="1" changeset="66369455" timestamp="2019-01-16T16:46:58Z" user="Furdrien" uid="6696140" lat="49.0329854" lon="2.0660753"/>
 <node id="6260373998" visible="true" version="1" changeset="66939479" timestamp="2019-02-05T18:10:25Z" user="Furdrien" uid="6696140" lat="49.0324168" lon="2.0657599"/>
 <node id="6752649189" visible="true" version="3" changeset="145198514" timestamp="2023-12-16T21:50:19Z" user="Furdrien" uid="6696140" lat="49.0334376" lon="2.0678719">
  <tag k="denotation" v="urban"/>
  <tag k="leaf_cycle" v="deciduous"/>
  <tag k="leaf_type" v="broadleaved"/>
  <tag k="natural" v="tree"/>
 </node>
 <node id="6752649190" visible="true" version="3" changeset="145198514" timestamp="2023-12-16T21:50:19Z" user="Furdrien" uid="6696140" lat="49.0334371" lon="2.0677691">
  <tag k="denotation" v="urban"/>
  <tag k="leaf_cycle" v="deciduous"/>
  <tag k="leaf_type" v="broadleaved"/>
  <tag k="natural" v="tree"/>
 </node>
 <node id="6752649191" visible="true" version="3" changeset="145198514" timestamp="2023-12-16T21:50:19Z" user="Furdrien" uid="6696140" lat="49.0334366" lon="2.0676515">
  <tag k="denotation" v="urban"/>
  <tag k="leaf_cycle" v="deciduous"/>
  <tag k="leaf_type" v="broadleaved"/>
  <tag k="natural" v="tree"/>
 </node>
 <node id="6752649192" visible="true" version="2" changeset="145198514" timestamp="2023-12-16T21:50:19Z" user="Furdrien" uid="6696140" lat="49.0334156" lon="2.0674869">
  <tag k="denotation" v="urban"/>
  <tag k="leaf_cycle" v="deciduous"/>
  <tag k="leaf_type" v="broadleaved"/>
  <tag k="natural" v="tree"/>
 </node>
 <node id="6752649193" visible="true" version="2" changeset="145198514" timestamp="2023-12-16T21:50:19Z" user="Furdrien" uid="6696140" lat="49.0334543" lon="2.0674440">
  <tag k="denotation" v="urban"/>
  <tag k="leaf_cycle" v="deciduous"/>
  <tag k="leaf_type" v="broadleaved"/>
  <tag k="natural" v="tree"/>
 </node>
 <node id="6752649194" visible="true" version="2" changeset="145198514" timestamp="2023-12-16T21:50:19Z" user="Furdrien" uid="6696140" lat="49.0334842" lon="2.0675218">
  <tag k="denotation" v="urban"/>
  <tag k="leaf_cycle" v="deciduous"/>
  <tag k="leaf_type" v="broadleaved"/>
  <tag k="natural" v="tree"/>
 </node>
 <node id="6752649195" visible="true" version="3" changeset="145198514" timestamp="2023-12-16T21:50:19Z" user="Furdrien" uid="6696140" lat="49.0336313" lon="2.0676362">
  <tag k="denotation" v="urban"/>
  <tag k="leaf_cycle" v="deciduous"/>
  <tag k="leaf_type" v="broadleaved"/>
  <tag k="natural" v="tree"/>
 </node>
 <node id="6752649196" visible="true" version="3" changeset="145198514" timestamp="2023-12-16T21:50:19Z" user="Furdrien" uid="6696140" lat="49.0336311" lon="2.0677751">
  <tag k="denotation" v="urban"/>
  <tag k="leaf_cycle" v="deciduous"/>
  <tag k="leaf_type" v="broadleaved"/>
  <tag k="natural" v="tree"/>
 </node>
 <node id="6752649197" visible="true" version="3" changeset="145198514" timestamp="2023-12-16T21:50:19Z" user="Furdrien" uid="6696140" lat="49.0336310" lon="2.0678810">
  <tag k="denotation" v="urban"/>
  <tag k="leaf_cycle" v="deciduous"/>
  <tag k="leaf_type" v="broadleaved"/>
  <tag k="natural" v="tree"/>
 </node>
 <node id="6752649225" visible="true" version="3" changeset="145198514" timestamp="2023-12-16T21:50:19Z" user="Furdrien" uid="6696140" lat="49.0335876" lon="2.0677762">
  <tag k="denotation" v="urban"/>
  <tag k="leaf_cycle" v="deciduous"/>
  <tag k="leaf_type" v="broadleaved"/>
  <tag k="natural" v="tree"/>
 </node>
 <node id="6752649226" visible="true" version="3" changeset="145198514" timestamp="2023-12-16T21:50:19Z" user="Furdrien" uid="6696140" lat="49.0335873" lon="2.0678822">
  <tag k="denotation" v="urban"/>
  <tag k="leaf_cycle" v="deciduous"/>
  <tag k="leaf_type" v="broadleaved"/>
  <tag k="natural" v="tree"/>
 </node>
 <node id="6752649228" visible="true" version="2" changeset="145198514" timestamp="2023-12-16T21:50:19Z" user="Furdrien" uid="6696140" lat="49.0335879" lon="2.0676345">
  <tag k="denotation" v="urban"/>
  <tag k="leaf_cycle" v="deciduous"/>
  <tag k="leaf_type" v="broadleaved"/>
  <tag k="natural" v="tree"/>
 </node>
 <node id="6752649229" visible="true" version="3" changeset="145198514" timestamp="2023-12-16T21:50:19Z" user="Furdrien" uid="6696140" lat="49.0334880" lon="2.0676546">
  <tag k="denotation" v="urban"/>
  <tag k="leaf_cycle" v="deciduous"/>
  <tag k="leaf_type" v="broadleaved"/>
  <tag k="natural" v="tree"/>
 </node>
 <node id="6752649230" visible="true" version="3" changeset="145198514" timestamp="2023-12-16T21:50:19Z" user="Furdrien" uid="6696140" lat="49.0334875" lon="2.0677604">
  <tag k="denotation" v="urban"/>
  <tag k="leaf_cycle" v="deciduous"/>
  <tag k="leaf_type" v="broadleaved"/>
  <tag k="natural" v="tree"/>
 </node>
 <node id="6752649231" visible="true" version="3" changeset="145198514" timestamp="2023-12-16T21:50:19Z" user="Furdrien" uid="6696140" lat="49.0334870" lon="2.0678618">
  <tag k="denotation" v="urban"/>
  <tag k="leaf_cycle" v="deciduous"/>
  <tag k="leaf_type" v="broadleaved"/>
  <tag k="natural" v="tree"/>
 </node>
 <node id="6752786897" visible="true" version="3" changeset="152139105" timestamp="2024-06-01T21:28:41Z" user="Furdrien" uid="6696140" lat="49.0368440" lon="2.0709891"/>
 <node id="6757876597" visible="true" version="1" changeset="73897524" timestamp="2019-08-29T19:55:30Z" user="Furdrien" uid="6696140" lat="49.0336970" lon="2.0720173"/>
 <node id="6757876598" visible="true" version="1" changeset="73897524" timestamp="2019-08-29T19:55:30Z" user="Furdrien" uid="6696140" lat="49.0336930" lon="2.0720093"/>
 <node id="6757876599" visible="true" version="4" changeset="141917310" timestamp="2023-09-29T15:01:30Z" user="cat_mapping2" uid="9715697" lat="49.0336574" lon="2.0719026">
  <tag k="barrier" v="cycle_barrier"/>
  <tag k="bicycle" v="yes"/>
  <tag k="cycle_barrier" v="double"/>
  <tag k="cycle_barrier:installation" v="fixed"/>
  <tag k="foot" v="yes"/>
  <tag k="motor_vehicle" v="no"/>
 </node>
 <node id="6757876600" visible="true" version="1" changeset="73897524" timestamp="2019-08-29T19:55:30Z" user="Furdrien" uid="6696140" lat="49.0336352" lon="2.0718626"/>
 <node id="6757876601" visible="true" version="1" changeset="73897524" timestamp="2019-08-29T19:55:30Z" user="Furdrien" uid="6696140" lat="49.0336433" lon="2.0718703"/>
 <node id="6757876602" visible="true" version="1" changeset="73897524" timestamp="2019-08-29T19:55:30Z" user="Furdrien" uid="6696140" lat="49.0336522" lon="2.0718878"/>
 <node id="6757876603" visible="true" version="1" changeset="73897524" timestamp="2019-08-29T19:55:30Z" user="Furdrien" uid="6696140" lat="49.0336041" lon="2.0718254"/>
 <node id="6757876604" visible="true" version="1" changeset="73897524" timestamp="2019-08-29T19:55:30Z" user="Furdrien" uid="6696140" lat="49.0336117" lon="2.0718444"/>
 <node id="6757876605" visible="true" version="1" changeset="73897524" timestamp="2019-08-29T19:55:30Z" user="Furdrien" uid="6696140" lat="49.0336086" lon="2.0718415"/>
 <node id="6757876606" visible="true" version="1" changeset="73897524" timestamp="2019-08-29T19:55:30Z" user="Furdrien" uid="6696140" lat="49.0336051" lon="2.0718315"/>
 <node id="6757876607" visible="true" version="1" changeset="73897524" timestamp="2019-08-29T19:55:30Z" user="Furdrien" uid="6696140" lat="49.0336037" lon="2.0718191"/>
 <node id="6757876608" visible="true" version="1" changeset="73897524" timestamp="2019-08-29T19:55:30Z" user="Furdrien" uid="6696140" lat="49.0336061" lon="2.0717725"/>
 <node id="6757876609" visible="true" version="1" changeset="73897524" timestamp="2019-08-29T19:55:30Z" user="Furdrien" uid="6696140" lat="49.0336161" lon="2.0716829"/>
 <node id="6757876610" visible="true" version="1" changeset="73897524" timestamp="2019-08-29T19:55:30Z" user="Furdrien" uid="6696140" lat="49.0336406" lon="2.0715574"/>
 <node id="6757876611" visible="true" version="1" changeset="73897524" timestamp="2019-08-29T19:55:30Z" user="Furdrien" uid="6696140" lat="49.0336510" lon="2.0714931"/>
 <node id="6757876612" visible="true" version="1" changeset="73897524" timestamp="2019-08-29T19:55:30Z" user="Furdrien" uid="6696140" lat="49.0336562" lon="2.0714547"/>
 <node id="6757876613" visible="true" version="1" changeset="73897524" timestamp="2019-08-29T19:55:30Z" user="Furdrien" uid="6696140" lat="49.0336595" lon="2.0714103"/>
 <node id="6757876614" visible="true" version="1" changeset="73897524" timestamp="2019-08-29T19:55:30Z" user="Furdrien" uid="6696140" lat="49.0336602" lon="2.0713338"/>
 <node id="6757876615" visible="true" version="1" changeset="73897524" timestamp="2019-08-29T19:55:30Z" user="Furdrien" uid="6696140" lat="49.0336585" lon="2.0712760"/>
 <node id="6757876616" visible="true" version="1" changeset="73897524" timestamp="2019-08-29T19:55:30Z" user="Furdrien" uid="6696140" lat="49.0336562" lon="2.0712074"/>
 <node id="6757876617" visible="true" version="1" changeset="73897524" timestamp="2019-08-29T19:55:30Z" user="Furdrien" uid="6696140" lat="49.0336573" lon="2.0711440"/>
 <node id="6757876618" visible="true" version="1" changeset="73897524" timestamp="2019-08-29T19:55:30Z" user="Furdrien" uid="6696140" lat="49.0336628" lon="2.0710686"/>
 <node id="6757876619" visible="true" version="1" changeset="73897524" timestamp="2019-08-29T19:55:30Z" user="Furdrien" uid="6696140" lat="49.0336656" lon="2.0710048"/>
 <node id="6757876620" visible="true" version="1" changeset="73897524" timestamp="2019-08-29T19:55:30Z" user="Furdrien" uid="6696140" lat="49.0336585" lon="2.0711231"/>
 <node id="6757876621" visible="true" version="1" changeset="73897524" timestamp="2019-08-29T19:55:30Z" user="Furdrien" uid="6696140" lat="49.0336565" lon="2.0711755"/>
 <node id="6757876622" visible="true" version="1" changeset="73897524" timestamp="2019-08-29T19:55:30Z" user="Furdrien" uid="6696140" lat="49.0336567" lon="2.0711606"/>
 <node id="6757876623" visible="true" version="1" changeset="73897524" timestamp="2019-08-29T19:55:30Z" user="Furdrien" uid="6696140" lat="49.0336673" lon="2.0704141"/>
 <node id="6757876624" visible="true" version="1" changeset="73897524" timestamp="2019-08-29T19:55:30Z" user="Furdrien" uid="6696140" lat="49.0336732" lon="2.0703548"/>
 <node id="6757876625" visible="true" version="1" changeset="73897524" timestamp="2019-08-29T19:55:30Z" user="Furdrien" uid="6696140" lat="49.0336790" lon="2.0703256"/>
 <node id="6757876626" visible="true" version="1" changeset="73897524" timestamp="2019-08-29T19:55:30Z" user="Furdrien" uid="6696140" lat="49.0336777" lon="2.0702820"/>
 <node id="6757876627" visible="true" version="1" changeset="73897524" timestamp="2019-08-29T19:55:30Z" user="Furdrien" uid="6696140" lat="49.0336193" lon="2.0700434"/>
 <node id="6757876628" visible="true" version="1" changeset="73897524" timestamp="2019-08-29T19:55:30Z" user="Furdrien" uid="6696140" lat="49.0337104" lon="2.0676603"/>
 <node id="6757876629" visible="true" version="1" changeset="73897524" timestamp="2019-08-29T19:55:30Z" user="Furdrien" uid="6696140" lat="49.0339017" lon="2.0674181"/>
 <node id="6757876630" visible="true" version="1" changeset="73897524" timestamp="2019-08-29T19:55:30Z" user="Furdrien" uid="6696140" lat="49.0339459" lon="2.0673739"/>
 <node id="6757876631" visible="true" version="1" changeset="73897524" timestamp="2019-08-29T19:55:30Z" user="Furdrien" uid="6696140" lat="49.0338879" lon="2.0672987"/>
 <node id="6757876632" visible="true" version="1" changeset="73897524" timestamp="2019-08-29T19:55:30Z" user="Furdrien" uid="6696140" lat="49.0338490" lon="2.0673686"/>
 <node id="6757876633" visible="true" version="1" changeset="73897524" timestamp="2019-08-29T19:55:30Z" user="Furdrien" uid="6696140" lat="49.0337905" lon="2.0674394"/>
 <node id="6757876634" visible="true" version="1" changeset="73897524" timestamp="2019-08-29T19:55:30Z" user="Furdrien" uid="6696140" lat="49.0337359" lon="2.0674765"/>
 <node id="6757876635" visible="true" version="1" changeset="73897524" timestamp="2019-08-29T19:55:30Z" user="Furdrien" uid="6696140" lat="49.0337023" lon="2.0674880"/>
 <node id="6757876636" visible="true" version="1" changeset="73897524" timestamp="2019-08-29T19:55:30Z" user="Furdrien" uid="6696140" lat="49.0336413" lon="2.0675039"/>
 <node id="6757876638" visible="true" version="1" changeset="73897524" timestamp="2019-08-29T19:55:30Z" user="Furdrien" uid="6696140" lat="49.0339274" lon="2.0688230"/>
 <node id="6757876639" visible="true" version="1" changeset="73897524" timestamp="2019-08-29T19:55:30Z" user="Furdrien" uid="6696140" lat="49.0338405" lon="2.0672344"/>
 <node id="6757876640" visible="true" version="1" changeset="73897524" timestamp="2019-08-29T19:55:30Z" user="Furdrien" uid="6696140" lat="49.0338011" lon="2.0672583"/>
 <node id="6757876641" visible="true" version="1" changeset="73897524" timestamp="2019-08-29T19:55:30Z" user="Furdrien" uid="6696140" lat="49.0337562" lon="2.0672714"/>
 <node id="6757876642" visible="true" version="1" changeset="73897524" timestamp="2019-08-29T19:55:30Z" user="Furdrien" uid="6696140" lat="49.0337062" lon="2.0672783"/>
 <node id="6757876643" visible="true" version="1" changeset="73897524" timestamp="2019-08-29T19:55:30Z" user="Furdrien" uid="6696140" lat="49.0336835" lon="2.0672745"/>
 <node id="6757876644" visible="true" version="1" changeset="73897524" timestamp="2019-08-29T19:55:30Z" user="Furdrien" uid="6696140" lat="49.0336683" lon="2.0672645"/>
 <node id="6757876645" visible="true" version="1" changeset="73897524" timestamp="2019-08-29T19:55:30Z" user="Furdrien" uid="6696140" lat="49.0336476" lon="2.0672337"/>
 <node id="6757876646" visible="true" version="1" changeset="73897524" timestamp="2019-08-29T19:55:30Z" user="Furdrien" uid="6696140" lat="49.0336299" lon="2.0671990"/>
 <node id="6757876647" visible="true" version="1" changeset="73897524" timestamp="2019-08-29T19:55:30Z" user="Furdrien" uid="6696140" lat="49.0336087" lon="2.0671474"/>
 <node id="6757876648" visible="true" version="1" changeset="73897524" timestamp="2019-08-29T19:55:30Z" user="Furdrien" uid="6696140" lat="49.0335451" lon="2.0672036"/>
 <node id="6757876649" visible="true" version="1" changeset="73897524" timestamp="2019-08-29T19:55:30Z" user="Furdrien" uid="6696140" lat="49.0335693" lon="2.0672723"/>
 <node id="6757876650" visible="true" version="2" changeset="159451176" timestamp="2024-11-22T09:59:23Z" user="Furdrien" uid="6696140" lat="49.0336162" lon="2.0675102"/>
 <node id="6757876651" visible="true" version="2" changeset="102145498" timestamp="2021-04-01T19:18:13Z" user="Furdrien" uid="6696140" lat="49.0336042" lon="2.0675307"/>
 <node id="6757876652" visible="true" version="1" changeset="73897524" timestamp="2019-08-29T19:55:30Z" user="Furdrien" uid="6696140" lat="49.0335951" lon="2.0675315"/>
 <node id="6757876653" visible="true" version="1" changeset="73897524" timestamp="2019-08-29T19:55:30Z" user="Furdrien" uid="6696140" lat="49.0335946" lon="2.0672984"/>
 <node id="6757876654" visible="true" version="1" changeset="73897524" timestamp="2019-08-29T19:55:30Z" user="Furdrien" uid="6696140" lat="49.0335825" lon="2.0672629"/>
 <node id="6757876655" visible="true" version="1" changeset="73897524" timestamp="2019-08-29T19:55:30Z" user="Furdrien" uid="6696140" lat="49.0337809" lon="2.0671574"/>
 <node id="6757876656" visible="true" version="1" changeset="73897524" timestamp="2019-08-29T19:55:30Z" user="Furdrien" uid="6696140" lat="49.0337607" lon="2.0671358"/>
 <node id="6757876657" visible="true" version="1" changeset="73897524" timestamp="2019-08-29T19:55:30Z" user="Furdrien" uid="6696140" lat="49.0337491" lon="2.0671251"/>
 <node id="6757876658" visible="true" version="1" changeset="73897524" timestamp="2019-08-29T19:55:30Z" user="Furdrien" uid="6696140" lat="49.0337385" lon="2.0671204"/>
 <node id="6757876659" visible="true" version="1" changeset="73897524" timestamp="2019-08-29T19:55:30Z" user="Furdrien" uid="6696140" lat="49.0337208" lon="2.0671181"/>
 <node id="6757876660" visible="true" version="1" changeset="73897524" timestamp="2019-08-29T19:55:30Z" user="Furdrien" uid="6696140" lat="49.0337006" lon="2.0671281"/>
 <node id="6757876661" visible="true" version="1" changeset="73897524" timestamp="2019-08-29T19:55:30Z" user="Furdrien" uid="6696140" lat="49.0336265" lon="2.0671906"/>
 <node id="6757876662" visible="true" version="1" changeset="73897524" timestamp="2019-08-29T19:55:30Z" user="Furdrien" uid="6696140" lat="49.0339536" lon="2.0673569"/>
 <node id="6757876663" visible="true" version="1" changeset="73897524" timestamp="2019-08-29T19:55:30Z" user="Furdrien" uid="6696140" lat="49.0338471" lon="2.0672175"/>
 <node id="6757876664" visible="true" version="1" changeset="73897524" timestamp="2019-08-29T19:55:30Z" user="Furdrien" uid="6696140" lat="49.0338476" lon="2.0671697"/>
 <node id="6757876665" visible="true" version="1" changeset="73897524" timestamp="2019-08-29T19:55:30Z" user="Furdrien" uid="6696140" lat="49.0337653" lon="2.0670850"/>
 <node id="6757876666" visible="true" version="1" changeset="73897524" timestamp="2019-08-29T19:55:30Z" user="Furdrien" uid="6696140" lat="49.0337511" lon="2.0670773"/>
 <node id="6757876667" visible="true" version="1" changeset="73897524" timestamp="2019-08-29T19:55:30Z" user="Furdrien" uid="6696140" lat="49.0337360" lon="2.0670742"/>
 <node id="6757876668" visible="true" version="1" changeset="73897524" timestamp="2019-08-29T19:55:30Z" user="Furdrien" uid="6696140" lat="49.0337188" lon="2.0670750"/>
 <node id="6757876669" visible="true" version="1" changeset="73897524" timestamp="2019-08-29T19:55:30Z" user="Furdrien" uid="6696140" lat="49.0336926" lon="2.0670865"/>
 <node id="6757876670" visible="true" version="1" changeset="73897524" timestamp="2019-08-29T19:55:30Z" user="Furdrien" uid="6696140" lat="49.0336171" lon="2.0671677"/>
 <node id="6757876671" visible="true" version="1" changeset="73897524" timestamp="2019-08-29T19:55:30Z" user="Furdrien" uid="6696140" lat="49.0335803" lon="2.0672067"/>
 <node id="6757876672" visible="true" version="2" changeset="117830596" timestamp="2022-02-24T23:23:40Z" user="Furdrien" uid="6696140" lat="49.0335007" lon="2.0669376"/>
 <node id="6757876673" visible="true" version="2" changeset="117830596" timestamp="2022-02-24T23:23:40Z" user="Furdrien" uid="6696140" lat="49.0334978" lon="2.0668926"/>
 <node id="6757876674" visible="true" version="2" changeset="117830596" timestamp="2022-02-24T23:23:40Z" user="Furdrien" uid="6696140" lat="49.0334936" lon="2.0667917"/>
 <node id="6757876675" visible="true" version="2" changeset="117830596" timestamp="2022-02-24T23:23:40Z" user="Furdrien" uid="6696140" lat="49.0334692" lon="2.0666878"/>
 <node id="6757876676" visible="true" version="2" changeset="117830596" timestamp="2022-02-24T23:23:40Z" user="Furdrien" uid="6696140" lat="49.0334167" lon="2.0665860"/>
 <node id="6757876677" visible="true" version="2" changeset="117830596" timestamp="2022-02-24T23:23:40Z" user="Furdrien" uid="6696140" lat="49.0332813" lon="2.0663069"/>
 <node id="6757876678" visible="true" version="2" changeset="117830596" timestamp="2022-02-24T23:23:40Z" user="Furdrien" uid="6696140" lat="49.0332707" lon="2.0662722"/>
 <node id="6757876679" visible="true" version="2" changeset="117830596" timestamp="2022-02-24T23:23:40Z" user="Furdrien" uid="6696140" lat="49.0332736" lon="2.0662372"/>
 <node id="6757876680" visible="true" version="1" changeset="73897524" timestamp="2019-08-29T19:55:30Z" user="Furdrien" uid="6696140" lat="49.0336063" lon="2.0671791"/>
 <node id="6757876681" visible="true" version="2" changeset="104312896" timestamp="2021-05-07T11:05:26Z" user="Zatigem" uid="8126399" lat="49.0335930" lon="2.0671434">
  <tag k="bicycle" v="yes"/>
  <tag k="button_operated" v="yes"/>
  <tag k="crossing" v="traffic_signals"/>
  <tag k="highway" v="crossing"/>
 </node>
 <node id="6757876682" visible="true" version="2" changeset="104312896" timestamp="2021-05-07T11:05:26Z" user="Zatigem" uid="8126399" lat="49.0335711" lon="2.0670705">
  <tag k="bicycle" v="yes"/>
  <tag k="button_operated" v="yes"/>
  <tag k="crossing" v="traffic_signals"/>
  <tag k="highway" v="crossing"/>
 </node>
 <node id="6757876683" visible="true" version="3" changeset="117830596" timestamp="2022-02-24T23:23:40Z" user="Furdrien" uid="6696140" lat="49.0335342" lon="2.0669651">
  <tag k="bicycle" v="yes"/>
  <tag k="button_operated" v="yes"/>
  <tag k="crossing" v="traffic_signals"/>
  <tag k="highway" v="crossing"/>
 </node>
 <node id="6757882095" visible="true" version="2" changeset="117830596" timestamp="2022-02-24T23:23:40Z" user="Furdrien" uid="6696140" lat="49.0333085" lon="2.0662296"/>
 <node id="6757882096" visible="true" version="2" changeset="117830596" timestamp="2022-02-24T23:23:40Z" user="Furdrien" uid="6696140" lat="49.0333717" lon="2.0661499"/>
 <node id="6757882098" visible="true" version="1" changeset="73897524" timestamp="2019-08-29T19:55:30Z" user="Furdrien" uid="6696140" lat="49.0334475" lon="2.0660212"/>
 <node id="6757882100" visible="true" version="2" changeset="117830596" timestamp="2022-02-24T23:23:40Z" user="Furdrien" uid="6696140" lat="49.0334076" lon="2.0660452"/>
 <node id="6778929961" visible="true" version="3" changeset="141917310" timestamp="2023-09-29T14:59:14Z" user="cat_mapping2" uid="9715697" lat="49.0336070" lon="2.0691928">
  <tag k="barrier" v="cycle_barrier"/>
  <tag k="bicycle" v="yes"/>
  <tag k="cycle_barrier" v="double"/>
  <tag k="cycle_barrier:installation" v="fixed"/>
  <tag k="foot" v="yes"/>
  <tag k="motor_vehicle" v="no"/>
 </node>
 <node id="6779029303" visible="true" version="1" changeset="74201110" timestamp="2019-09-07T09:18:06Z" user="Furdrien" uid="6696140" lat="49.0345982" lon="2.0678293"/>
 <node id="6779029304" visible="true" version="1" changeset="74201110" timestamp="2019-09-07T09:18:06Z" user="Furdrien" uid="6696140" lat="49.0340898" lon="2.0671702"/>
 <node id="6779029305" visible="true" version="2" changeset="145008984" timestamp="2023-12-11T17:47:43Z" user="cat_mapping2" uid="9715697" lat="49.0339040" lon="2.0669006">
  <tag k="information" v="guidepost"/>
  <tag k="tourism" v="information"/>
 </node>
 <node id="6779029306" visible="true" version="1" changeset="74201110" timestamp="2019-09-07T09:18:06Z" user="Furdrien" uid="6696140" lat="49.0337313" lon="2.0666356"/>
 <node id="6779029307" visible="true" version="1" changeset="74201110" timestamp="2019-09-07T09:18:06Z" user="Furdrien" uid="6696140" lat="49.0335606" lon="2.0663553"/>
 <node id="6779029308" visible="true" version="1" changeset="74201110" timestamp="2019-09-07T09:18:06Z" user="Furdrien" uid="6696140" lat="49.0334016" lon="2.0661008"/>
 <node id="6779029309" visible="true" version="2" changeset="117830596" timestamp="2022-02-24T23:23:40Z" user="Furdrien" uid="6696140" lat="49.0333881" lon="2.0660782"/>
 <node id="6779029310" visible="true" version="1" changeset="74201110" timestamp="2019-09-07T09:18:06Z" user="Furdrien" uid="6696140" lat="49.0333728" lon="2.0660210"/>
 <node id="6779029311" visible="true" version="2" changeset="117830596" timestamp="2022-02-24T23:23:40Z" user="Furdrien" uid="6696140" lat="49.0329162" lon="2.0651426"/>
 <node id="6779029312" visible="true" version="3" changeset="145009070" timestamp="2023-12-11T17:49:50Z" user="cat_mapping2" uid="9715697" lat="49.0328920" lon="2.0650905">
  <tag k="barrier" v="kerb"/>
  <tag k="kerb" v="lowered"/>
  <tag k="tactile_paving" v="yes"/>
 </node>
 <node id="6779029313" visible="true" version="1" changeset="74201110" timestamp="2019-09-07T09:18:06Z" user="Furdrien" uid="6696140" lat="49.0345689" lon="2.0677913"/>
 <node id="6779029331" visible="true" version="4" changeset="142181643" timestamp="2023-10-05T09:55:09Z" user="cat_mapping2" uid="9715697" lat="49.0331703" lon="2.0661473">
  <tag k="crossing" v="uncontrolled"/>
  <tag k="crossing:island" v="no"/>
  <tag k="crossing:markings" v="yes"/>
  <tag k="highway" v="crossing"/>
  <tag k="tactile_paving" v="yes"/>
 </node>
 <node id="6779029332" visible="true" version="1" changeset="74201110" timestamp="2019-09-07T09:18:06Z" user="Furdrien" uid="6696140" lat="49.0332311" lon="2.0662066"/>
 <node id="6779029333" visible="true" version="1" changeset="74201110" timestamp="2019-09-07T09:18:06Z" user="Furdrien" uid="6696140" lat="49.0332638" lon="2.0658195"/>
 <node id="6779029334" visible="true" version="1" changeset="74201110" timestamp="2019-09-07T09:18:06Z" user="Furdrien" uid="6696140" lat="49.0331030" lon="2.0660119"/>
 <node id="6779029335" visible="true" version="1" changeset="74201110" timestamp="2019-09-07T09:18:06Z" user="Furdrien" uid="6696140" lat="49.0327546" lon="2.0653112"/>
 <node id="6779029339" visible="true" version="1" changeset="74201110" timestamp="2019-09-07T09:18:06Z" user="Furdrien" uid="6696140" lat="49.0339838" lon="2.0674036"/>
 <node id="6779029340" visible="true" version="1" changeset="74201110" timestamp="2019-09-07T09:18:06Z" user="Furdrien" uid="6696140" lat="49.0341254" lon="2.0675904"/>
 <node id="6779029341" visible="true" version="1" changeset="74201110" timestamp="2019-09-07T09:18:06Z" user="Furdrien" uid="6696140" lat="49.0341254" lon="2.0676278"/>
 <node id="6779029342" visible="true" version="1" changeset="74201110" timestamp="2019-09-07T09:18:06Z" user="Furdrien" uid="6696140" lat="49.0342409" lon="2.0677515"/>
 <node id="6779029343" visible="true" version="5" changeset="157449305" timestamp="2024-10-04T08:20:29Z" user="cat_mapping2" uid="9715697" lat="49.0345942" lon="2.0682316">
  <tag k="crossing:island" v="no"/>
  <tag k="crossing:markings" v="yes"/>
  <tag k="crossing:signals" v="no"/>
  <tag k="highway" v="crossing"/>
 </node>
 <node id="6779029344" visible="true" version="1" changeset="74201110" timestamp="2019-09-07T09:18:06Z" user="Furdrien" uid="6696140" lat="49.0354648" lon="2.0693603"/>
 <node id="6779029345" visible="true" version="1" changeset="74201110" timestamp="2019-09-07T09:18:06Z" user="Furdrien" uid="6696140" lat="49.0355085" lon="2.0694269"/>
 <node id="6779029346" visible="true" version="2" changeset="127371446" timestamp="2022-10-11T16:59:48Z" user="Furdrien" uid="6696140" lat="49.0355491" lon="2.0695292"/>
 <node id="6779029347" visible="true" version="2" changeset="127371446" timestamp="2022-10-11T16:59:48Z" user="Furdrien" uid="6696140" lat="49.0355571" lon="2.0695701"/>
 <node id="6779029348" visible="true" version="2" changeset="127371446" timestamp="2022-10-11T16:59:48Z" user="Furdrien" uid="6696140" lat="49.0355621" lon="2.0696171"/>
 <node id="7529782407" visible="true" version="2" changeset="165156960" timestamp="2025-04-19T14:42:20Z" user="yargil" uid="157949" lat="49.0320703" lon="2.0687881"/>
 <node id="7529782408" visible="true" version="1" changeset="85346128" timestamp="2020-05-17T19:25:50Z" user="Furdrien" uid="6696140" lat="49.0320586" lon="2.0687705"/>
 <node id="7529782409" visible="true" version="1" changeset="85346128" timestamp="2020-05-17T19:25:50Z" user="Furdrien" uid="6696140" lat="49.0320513" lon="2.0687451"/>
 <node id="7529782410" visible="true" version="1" changeset="85346128" timestamp="2020-05-17T19:25:50Z" user="Furdrien" uid="6696140" lat="49.0320513" lon="2.0687288"/>
 <node id="7529782411" visible="true" version="1" changeset="85346128" timestamp="2020-05-17T19:25:50Z" user="Furdrien" uid="6696140" lat="49.0320579" lon="2.0687034"/>
 <node id="7529782412" visible="true" version="1" changeset="85346128" timestamp="2020-05-17T19:25:50Z" user="Furdrien" uid="6696140" lat="49.0321099" lon="2.0686353"/>
 <node id="7529782413" visible="true" version="1" changeset="85346128" timestamp="2020-05-17T19:25:50Z" user="Furdrien" uid="6696140" lat="49.0324717" lon="2.0682084"/>
 <node id="7529782414" visible="true" version="1" changeset="85346128" timestamp="2020-05-17T19:25:50Z" user="Furdrien" uid="6696140" lat="49.0325084" lon="2.0681780"/>
 <node id="7529782415" visible="true" version="1" changeset="85346128" timestamp="2020-05-17T19:25:50Z" user="Furdrien" uid="6696140" lat="49.0325537" lon="2.0681556"/>
 <node id="7529782416" visible="true" version="1" changeset="85346128" timestamp="2020-05-17T19:25:50Z" user="Furdrien" uid="6696140" lat="49.0326630" lon="2.0680529"/>
 <node id="7529782417" visible="true" version="1" changeset="85346128" timestamp="2020-05-17T19:25:50Z" user="Furdrien" uid="6696140" lat="49.0330248" lon="2.0676972"/>
 <node id="7529782418" visible="true" version="1" changeset="85346128" timestamp="2020-05-17T19:25:50Z" user="Furdrien" uid="6696140" lat="49.0332607" lon="2.0674950"/>
 <node id="7529782419" visible="true" version="1" changeset="85346128" timestamp="2020-05-17T19:25:50Z" user="Furdrien" uid="6696140" lat="49.0333000" lon="2.0674421"/>
 <node id="7529782420" visible="true" version="1" changeset="85346128" timestamp="2020-05-17T19:25:50Z" user="Furdrien" uid="6696140" lat="49.0335543" lon="2.0672286"/>
 <node id="7529782421" visible="true" version="1" changeset="85346128" timestamp="2020-05-17T19:25:50Z" user="Furdrien" uid="6696140" lat="49.0334679" lon="2.0670711"/>
 <node id="7529782422" visible="true" version="1" changeset="85346128" timestamp="2020-05-17T19:25:50Z" user="Furdrien" uid="6696140" lat="49.0334500" lon="2.0671240"/>
 <node id="7529782423" visible="true" version="1" changeset="85346128" timestamp="2020-05-17T19:25:50Z" user="Furdrien" uid="6696140" lat="49.0334060" lon="2.0671840"/>
 <node id="7529782424" visible="true" version="1" changeset="85346128" timestamp="2020-05-17T19:25:50Z" user="Furdrien" uid="6696140" lat="49.0333427" lon="2.0672175"/>
 <node id="7529782425" visible="true" version="1" changeset="85346128" timestamp="2020-05-17T19:25:50Z" user="Furdrien" uid="6696140" lat="49.0332654" lon="2.0672856"/>
 <node id="7529782426" visible="true" version="1" changeset="85346128" timestamp="2020-05-17T19:25:50Z" user="Furdrien" uid="6696140" lat="49.0328023" lon="2.0676840"/>
 <node id="7529782427" visible="true" version="1" changeset="85346128" timestamp="2020-05-17T19:25:50Z" user="Furdrien" uid="6696140" lat="49.0324824" lon="2.0679970"/>
 <node id="7529782428" visible="true" version="1" changeset="85346128" timestamp="2020-05-17T19:25:50Z" user="Furdrien" uid="6696140" lat="49.0321239" lon="2.0683853"/>
 <node id="7529782429" visible="true" version="1" changeset="85346128" timestamp="2020-05-17T19:25:50Z" user="Furdrien" uid="6696140" lat="49.0318900" lon="2.0686719"/>
 <node id="7529782430" visible="true" version="1" changeset="85346128" timestamp="2020-05-17T19:25:50Z" user="Furdrien" uid="6696140" lat="49.0316335" lon="2.0690154"/>
 <node id="7660822236" visible="true" version="1" changeset="87251629" timestamp="2020-06-28T14:19:43Z" user="Zatigem" uid="8126399" lat="49.0383360" lon="2.0642193"/>
 <node id="7660822237" visible="true" version="1" changeset="87251629" timestamp="2020-06-28T14:19:43Z" user="Zatigem" uid="8126399" lat="49.0384553" lon="2.0641640"/>
 <node id="7660822238" visible="true" version="2" changeset="172747684" timestamp="2025-10-02T12:51:24Z" user="luc65r" uid="10206589" lat="49.0387281" lon="2.0640453">
  <tag k="crossing:signals" v="no"/>
  <tag k="highway" v="crossing"/>
 </node>
 <node id="7996794724" visible="true" version="1" changeset="92297445" timestamp="2020-10-11T10:29:07Z" user="Aroche" uid="50179" lat="49.0328658" lon="2.0672242">
  <tag k="addr:housenumber" v="23"/>
  <tag k="source" v="cadastre-dgi-fr source : Direction Générale des Finances Publiques - Cadastre. Mise à jour : 2020"/>
 </node>
 <node id="7996794725" visible="true" version="1" changeset="92297445" timestamp="2020-10-11T10:29:07Z" user="Aroche" uid="50179" lat="49.0327657" lon="2.0671949">
  <tag k="addr:housenumber" v="14"/>
  <tag k="source" v="cadastre-dgi-fr source : Direction Générale des Finances Publiques - Cadastre. Mise à jour : 2020"/>
 </node>
 <node id="7996794726" visible="true" version="1" changeset="92297445" timestamp="2020-10-11T10:29:07Z" user="Aroche" uid="50179" lat="49.0332029" lon="2.0667481">
  <tag k="addr:housenumber" v="7"/>
  <tag k="source" v="cadastre-dgi-fr source : Direction Générale des Finances Publiques - Cadastre. Mise à jour : 2020"/>
 </node>
 <node id="7996794727" visible="true" version="1" changeset="92297445" timestamp="2020-10-11T10:29:07Z" user="Aroche" uid="50179" lat="49.0332672" lon="2.0669076">
  <tag k="addr:housenumber" v="11"/>
  <tag k="source" v="cadastre-dgi-fr source : Direction Générale des Finances Publiques - Cadastre. Mise à jour : 2020"/>
 </node>
 <node id="7996794729" visible="true" version="1" changeset="92297445" timestamp="2020-10-11T10:29:07Z" user="Aroche" uid="50179" lat="49.0331633" lon="2.0666625">
  <tag k="addr:housenumber" v="5"/>
  <tag k="source" v="cadastre-dgi-fr source : Direction Générale des Finances Publiques - Cadastre. Mise à jour : 2020"/>
 </node>
 <node id="7996794730" visible="true" version="1" changeset="92297445" timestamp="2020-10-11T10:29:07Z" user="Aroche" uid="50179" lat="49.0330332" lon="2.0670672">
  <tag k="addr:housenumber" v="19"/>
  <tag k="source" v="cadastre-dgi-fr source : Direction Générale des Finances Publiques - Cadastre. Mise à jour : 2020"/>
 </node>
 <node id="7996794731" visible="true" version="1" changeset="92297445" timestamp="2020-10-11T10:29:07Z" user="Aroche" uid="50179" lat="49.0330733" lon="2.0664686">
  <tag k="addr:housenumber" v="1"/>
  <tag k="source" v="cadastre-dgi-fr source : Direction Générale des Finances Publiques - Cadastre. Mise à jour : 2020"/>
 </node>
 <node id="7996794732" visible="true" version="1" changeset="92297445" timestamp="2020-10-11T10:29:07Z" user="Aroche" uid="50179" lat="49.0327243" lon="2.0673829">
  <tag k="addr:housenumber" v="29"/>
  <tag k="source" v="cadastre-dgi-fr source : Direction Générale des Finances Publiques - Cadastre. Mise à jour : 2020"/>
 </node>
 <node id="7996794733" visible="true" version="1" changeset="92297445" timestamp="2020-10-11T10:29:07Z" user="Aroche" uid="50179" lat="49.0328715" lon="2.0670624">
  <tag k="addr:housenumber" v="10"/>
  <tag k="source" v="cadastre-dgi-fr source : Direction Générale des Finances Publiques - Cadastre. Mise à jour : 2020"/>
 </node>
 <node id="7996794735" visible="true" version="1" changeset="92297445" timestamp="2020-10-11T10:29:07Z" user="Aroche" uid="50179" lat="49.0329246" lon="2.0669800">
  <tag k="addr:housenumber" v="8"/>
  <tag k="source" v="cadastre-dgi-fr source : Direction Générale des Finances Publiques - Cadastre. Mise à jour : 2020"/>
 </node>
 <node id="7996794736" visible="true" version="1" changeset="92297445" timestamp="2020-10-11T10:29:07Z" user="Aroche" uid="50179" lat="49.0330960" lon="2.0670244">
  <tag k="addr:housenumber" v="17"/>
  <tag k="source" v="cadastre-dgi-fr source : Direction Générale des Finances Publiques - Cadastre. Mise à jour : 2020"/>
 </node>
 <node id="7996794738" visible="true" version="1" changeset="92297445" timestamp="2020-10-11T10:29:07Z" user="Aroche" uid="50179" lat="49.0330026" lon="2.0666491">
  <tag k="addr:housenumber" v="4"/>
  <tag k="source" v="cadastre-dgi-fr source : Direction Générale des Finances Publiques - Cadastre. Mise à jour : 2020"/>
 </node>
 <node id="7996794739" visible="true" version="1" changeset="92297445" timestamp="2020-10-11T10:29:07Z" user="Aroche" uid="50179" lat="49.0331983" lon="2.0669724">
  <tag k="addr:housenumber" v="13"/>
  <tag k="source" v="cadastre-dgi-fr source : Direction Générale des Finances Publiques - Cadastre. Mise à jour : 2020"/>
 </node>
 <node id="7996794741" visible="true" version="1" changeset="92297445" timestamp="2020-10-11T10:29:07Z" user="Aroche" uid="50179" lat="49.0331081" lon="2.0665436">
  <tag k="addr:housenumber" v="3"/>
  <tag k="source" v="cadastre-dgi-fr source : Direction Générale des Finances Publiques - Cadastre. Mise à jour : 2020"/>
 </node>
 <node id="7996794743" visible="true" version="1" changeset="92297445" timestamp="2020-10-11T10:29:07Z" user="Aroche" uid="50179" lat="49.0332595" lon="2.0668054">
  <tag k="addr:housenumber" v="9"/>
  <tag k="source" v="cadastre-dgi-fr source : Direction Générale des Finances Publiques - Cadastre. Mise à jour : 2020"/>
 </node>
 <node id="7996794744" visible="true" version="1" changeset="92297445" timestamp="2020-10-11T10:29:07Z" user="Aroche" uid="50179" lat="49.0329498" lon="2.0671454">
  <tag k="addr:housenumber" v="21"/>
  <tag k="source" v="cadastre-dgi-fr source : Direction Générale des Finances Publiques - Cadastre. Mise à jour : 2020"/>
 </node>
 <node id="7996794746" visible="true" version="1" changeset="92297445" timestamp="2020-10-11T10:29:07Z" user="Aroche" uid="50179" lat="49.0328160" lon="2.0672869">
  <tag k="addr:housenumber" v="25"/>
  <tag k="source" v="cadastre-dgi-fr source : Direction Générale des Finances Publiques - Cadastre. Mise à jour : 2020"/>
 </node>
 <node id="7996794748" visible="true" version="1" changeset="92297445" timestamp="2020-10-11T10:29:07Z" user="Aroche" uid="50179" lat="49.0330550" lon="2.0667272">
  <tag k="addr:housenumber" v="6"/>
  <tag k="source" v="cadastre-dgi-fr source : Direction Générale des Finances Publiques - Cadastre. Mise à jour : 2020"/>
 </node>
 <node id="7996794749" visible="true" version="1" changeset="92297445" timestamp="2020-10-11T10:29:07Z" user="Aroche" uid="50179" lat="49.0327553" lon="2.0673438">
  <tag k="addr:housenumber" v="27"/>
  <tag k="source" v="cadastre-dgi-fr source : Direction Générale des Finances Publiques - Cadastre. Mise à jour : 2020"/>
 </node>
 <node id="7996794750" visible="true" version="1" changeset="92297445" timestamp="2020-10-11T10:29:07Z" user="Aroche" uid="50179" lat="49.0328204" lon="2.0671419">
  <tag k="addr:housenumber" v="12"/>
  <tag k="source" v="cadastre-dgi-fr source : Direction Générale des Finances Publiques - Cadastre. Mise à jour : 2020"/>
 </node>
 <node id="7996794751" visible="true" version="1" changeset="92297445" timestamp="2020-10-11T10:29:07Z" user="Aroche" uid="50179" lat="49.0329667" lon="2.0665572">
  <tag k="addr:housenumber" v="2"/>
  <tag k="source" v="cadastre-dgi-fr source : Direction Générale des Finances Publiques - Cadastre. Mise à jour : 2020"/>
 </node>
 <node id="7996794752" visible="true" version="1" changeset="92297445" timestamp="2020-10-11T10:29:07Z" user="Aroche" uid="50179" lat="49.0331428" lon="2.0669804">
  <tag k="addr:housenumber" v="15"/>
  <tag k="source" v="cadastre-dgi-fr source : Direction Générale des Finances Publiques - Cadastre. Mise à jour : 2020"/>
 </node>
 <node id="8583942674" visible="true" version="1" changeset="102145498" timestamp="2021-04-01T19:18:13Z" user="Furdrien" uid="6696140" lat="49.0335980" lon="2.0671568"/>
 <node id="8583942675" visible="true" version="1" changeset="102145498" timestamp="2021-04-01T19:18:13Z" user="Furdrien" uid="6696140" lat="49.0335721" lon="2.0671797"/>
 <node id="9533530779" visible="true" version="1" changeset="117830596" timestamp="2022-02-24T23:23:40Z" user="Furdrien" uid="6696140" lat="49.0324066" lon="2.0642201">
  <tag k="crossing" v="traffic_signals"/>
  <tag k="highway" v="crossing"/>
 </node>
 <node id="9533530781" visible="true" version="1" changeset="117830596" timestamp="2022-02-24T23:23:40Z" user="Furdrien" uid="6696140" lat="49.0331507" lon="2.0659548"/>
 <node id="9533530782" visible="true" version="1" changeset="117830596" timestamp="2022-02-24T23:23:40Z" user="Furdrien" uid="6696140" lat="49.0332828" lon="2.0662219"/>
 <node id="9533530783" visible="true" version="1" changeset="117830596" timestamp="2022-02-24T23:23:40Z" user="Furdrien" uid="6696140" lat="49.0332703" lon="2.0662535"/>
 <node id="9533530784" visible="true" version="1" changeset="117830596" timestamp="2022-02-24T23:23:40Z" user="Furdrien" uid="6696140" lat="49.0334868" lon="2.0667433"/>
 <node id="9533530785" visible="true" version="1" changeset="117830596" timestamp="2022-02-24T23:23:40Z" user="Furdrien" uid="6696140" lat="49.0334965" lon="2.0668432"/>
 <node id="9533530786" visible="true" version="2" changeset="186576316" timestamp="2026-07-29T10:42:34Z" user="Byenin" uid="20432726" lat="49.0332362" lon="2.0660367"/>
 <node id="9533530787" visible="true" version="1" changeset="117830596" timestamp="2022-02-24T23:23:40Z" user="Furdrien" uid="6696140" lat="49.0332736" lon="2.0661411"/>
 <node id="9533530788" visible="true" version="1" changeset="117830596" timestamp="2022-02-24T23:23:40Z" user="Furdrien" uid="6696140" lat="49.0333963" lon="2.0663906"/>
 <node id="9533530789" visible="true" version="1" changeset="117830596" timestamp="2022-02-24T23:23:40Z" user="Furdrien" uid="6696140" lat="49.0334073" lon="2.0661988"/>
 <node id="9533530790" visible="true" version="1" changeset="117830596" timestamp="2022-02-24T23:23:40Z" user="Furdrien" uid="6696140" lat="49.0334336" lon="2.0662404"/>
 <node id="9533530793" visible="true" version="1" changeset="117830596" timestamp="2022-02-24T23:23:40Z" user="Furdrien" uid="6696140" lat="49.0324816" lon="2.0643915"/>
 <node id="9533530801" visible="true" version="1" changeset="117830596" timestamp="2022-02-24T23:23:40Z" user="Furdrien" uid="6696140" lat="49.0318314" lon="2.0687504"/>
 <node id="9533530802" visible="true" version="1" changeset="117830596" timestamp="2022-02-24T23:23:40Z" user="Furdrien" uid="6696140" lat="49.0322107" lon="2.0685164"/>
 <node id="9533530803" visible="true" version="1" changeset="117830596" timestamp="2022-02-24T23:23:40Z" user="Furdrien" uid="6696140" lat="49.0321366" lon="2.0683715"/>
 <node id="9533530814" visible="true" version="1" changeset="117830596" timestamp="2022-02-24T23:23:40Z" user="Furdrien" uid="6696140" lat="49.0330872" lon="2.0681776"/>
 <node id="9533530815" visible="true" version="1" changeset="117830596" timestamp="2022-02-24T23:23:40Z" user="Furdrien" uid="6696140" lat="49.0330318" lon="2.0681340"/>
 <node id="9533530816" visible="true" version="1" changeset="117830596" timestamp="2022-02-24T23:23:40Z" user="Furdrien" uid="6696140" lat="49.0330138" lon="2.0680978"/>
 <node id="9533532417" visible="true" version="1" changeset="117830596" timestamp="2022-02-24T23:23:40Z" user="Furdrien" uid="6696140" lat="49.0330063" lon="2.0680375"/>
 <node id="9533532418" visible="true" version="1" changeset="117830596" timestamp="2022-02-24T23:23:40Z" user="Furdrien" uid="6696140" lat="49.0330305" lon="2.0679536"/>
 <node id="9533532419" visible="true" version="1" changeset="117830596" timestamp="2022-02-24T23:23:40Z" user="Furdrien" uid="6696140" lat="49.0330806" lon="2.0679027"/>
 <node id="9533532420" visible="true" version="1" changeset="117830596" timestamp="2022-02-24T23:23:40Z" user="Furdrien" uid="6696140" lat="49.0331351" lon="2.0679148"/>
 <node id="9533532421" visible="true" version="1" changeset="117830596" timestamp="2022-02-24T23:23:40Z" user="Furdrien" uid="6696140" lat="49.0331738" lon="2.0679939"/>
 <node id="9533532422" visible="true" version="1" changeset="117830596" timestamp="2022-02-24T23:23:40Z" user="Furdrien" uid="6696140" lat="49.0331514" lon="2.0681836"/>
 <node id="9533532436" visible="true" version="1" changeset="117830596" timestamp="2022-02-24T23:23:40Z" user="Furdrien" uid="6696140" lat="49.0321963" lon="2.0684882">
  <tag k="crossing" v="uncontrolled"/>
  <tag k="highway" v="crossing"/>
 </node>
 <node id="9533532441" visible="true" version="1" changeset="117830596" timestamp="2022-02-24T23:23:40Z" user="Furdrien" uid="6696140" lat="49.0322427" lon="2.0682970"/>
 <node id="9533532442" visible="true" version="1" changeset="117830596" timestamp="2022-02-24T23:23:40Z" user="Furdrien" uid="6696140" lat="49.0319219" lon="2.0686720"/>
 <node id="9533532443" visible="true" version="1" changeset="117830596" timestamp="2022-02-24T23:23:40Z" user="Furdrien" uid="6696140" lat="49.0319719" lon="2.0687584"/>
 <node id="9533532462" visible="true" version="1" changeset="117830596" timestamp="2022-02-24T23:23:40Z" user="Furdrien" uid="6696140" lat="49.0332499" lon="2.0674340"/>
 <node id="9533532463" visible="true" version="1" changeset="117830596" timestamp="2022-02-24T23:23:40Z" user="Furdrien" uid="6696140" lat="49.0330037" lon="2.0676452"/>
 <node id="9533532464" visible="true" version="1" changeset="117830596" timestamp="2022-02-24T23:23:40Z" user="Furdrien" uid="6696140" lat="49.0328749" lon="2.0677585"/>
 <node id="9533532465" visible="true" version="1" changeset="117830596" timestamp="2022-02-24T23:23:40Z" user="Furdrien" uid="6696140" lat="49.0327421" lon="2.0678866"/>
 <node id="9533532466" visible="true" version="2" changeset="128651261" timestamp="2022-11-08T17:38:42Z" user="Furdrien" uid="6696140" lat="49.0326667" lon="2.0679563">
  <tag k="highway" v="crossing"/>
 </node>
 <node id="9533532467" visible="true" version="1" changeset="117830596" timestamp="2022-02-24T23:23:40Z" user="Furdrien" uid="6696140" lat="49.0325860" lon="2.0680341"/>
 <node id="9533532468" visible="true" version="1" changeset="117830596" timestamp="2022-02-24T23:23:40Z" user="Furdrien" uid="6696140" lat="49.0325082" lon="2.0681112"/>
 <node id="9533532469" visible="true" version="1" changeset="117830596" timestamp="2022-02-24T23:23:40Z" user="Furdrien" uid="6696140" lat="49.0324594" lon="2.0681649"/>
 <node id="9533532470" visible="true" version="1" changeset="117830596" timestamp="2022-02-24T23:23:40Z" user="Furdrien" uid="6696140" lat="49.0323258" lon="2.0683312"/>
 <node id="9533532471" visible="true" version="1" changeset="117830596" timestamp="2022-02-24T23:23:40Z" user="Furdrien" uid="6696140" lat="49.0322800" lon="2.0683875"/>
 <node id="9533532472" visible="true" version="1" changeset="117830596" timestamp="2022-02-24T23:23:40Z" user="Furdrien" uid="6696140" lat="49.0322150" lon="2.0684666"/>
 <node id="9533532473" visible="true" version="1" changeset="117830596" timestamp="2022-02-24T23:23:40Z" user="Furdrien" uid="6696140" lat="49.0320954" lon="2.0686048"/>
 <node id="9533532481" visible="true" version="1" changeset="117830596" timestamp="2022-02-24T23:23:40Z" user="Furdrien" uid="6696140" lat="49.0335418" lon="2.0668560"/>
 <node id="9533532482" visible="true" version="1" changeset="117830596" timestamp="2022-02-24T23:23:40Z" user="Furdrien" uid="6696140" lat="49.0335378" lon="2.0667748"/>
 <node id="9533532483" visible="true" version="2" changeset="128651261" timestamp="2022-11-08T17:38:42Z" user="Furdrien" uid="6696140" lat="49.0326478" lon="2.0679046">
  <tag k="highway" v="crossing"/>
 </node>
 <node id="9533532484" visible="true" version="1" changeset="117830596" timestamp="2022-02-24T23:23:40Z" user="Furdrien" uid="6696140" lat="49.0320514" lon="2.0685129"/>
 <node id="9533532485" visible="true" version="1" changeset="117830596" timestamp="2022-02-24T23:23:40Z" user="Furdrien" uid="6696140" lat="49.0321503" lon="2.0683983">
  <tag k="crossing" v="uncontrolled"/>
  <tag k="highway" v="crossing"/>
 </node>
 <node id="9533532489" visible="true" version="1" changeset="117830596" timestamp="2022-02-24T23:23:40Z" user="Furdrien" uid="6696140" lat="49.0318733" lon="2.0688302"/>
 <node id="9533532491" visible="true" version="1" changeset="117830596" timestamp="2022-02-24T23:23:40Z" user="Furdrien" uid="6696140" lat="49.0312526" lon="2.0696686"/>
 <node id="9533532495" visible="true" version="1" changeset="117830596" timestamp="2022-02-24T23:23:40Z" user="Furdrien" uid="6696140" lat="49.0311890" lon="2.0697594"/>
 <node id="9533532497" visible="true" version="1" changeset="117830596" timestamp="2022-02-24T23:23:40Z" user="Furdrien" uid="6696140" lat="49.0315270" lon="2.0692757"/>
 <node id="9533532498" visible="true" version="1" changeset="117830596" timestamp="2022-02-24T23:23:40Z" user="Furdrien" uid="6696140" lat="49.0317356" lon="2.0690074"/>
 <node id="9533532500" visible="true" version="1" changeset="117830596" timestamp="2022-02-24T23:23:40Z" user="Furdrien" uid="6696140" lat="49.0319573" lon="2.0687222"/>
 <node id="9533532501" visible="true" version="2" changeset="128651261" timestamp="2022-11-08T17:38:42Z" user="Furdrien" uid="6696140" lat="49.0323490" lon="2.0681899"/>
 <node id="9533532502" visible="true" version="1" changeset="117830596" timestamp="2022-02-24T23:23:40Z" user="Furdrien" uid="6696140" lat="49.0323916" lon="2.0681987"/>
 <node id="9533532503" visible="true" version="1" changeset="117830596" timestamp="2022-02-24T23:23:40Z" user="Furdrien" uid="6696140" lat="49.0324552" lon="2.0681158"/>
 <node id="9533532504" visible="true" version="1" changeset="117830596" timestamp="2022-02-24T23:23:40Z" user="Furdrien" uid="6696140" lat="49.0333345" lon="2.0672860"/>
 <node id="9533532505" visible="true" version="1" changeset="117830596" timestamp="2022-02-24T23:23:40Z" user="Furdrien" uid="6696140" lat="49.0333736" lon="2.0672927"/>
 <node id="9533532506" visible="true" version="1" changeset="117830596" timestamp="2022-02-24T23:23:40Z" user="Furdrien" uid="6696140" lat="49.0337954" lon="2.0668278"/>
 <node id="9533532507" visible="true" version="1" changeset="117830596" timestamp="2022-02-24T23:23:40Z" user="Furdrien" uid="6696140" lat="49.0337981" lon="2.0668499"/>
 <node id="9533532508" visible="true" version="1" changeset="117830596" timestamp="2022-02-24T23:23:40Z" user="Furdrien" uid="6696140" lat="49.0338016" lon="2.0669076"/>
 <node id="9533532509" visible="true" version="1" changeset="117830596" timestamp="2022-02-24T23:23:40Z" user="Furdrien" uid="6696140" lat="49.0337849" lon="2.0669760"/>
 <node id="9533532510" visible="true" version="1" changeset="117830596" timestamp="2022-02-24T23:23:40Z" user="Furdrien" uid="6696140" lat="49.0337765" lon="2.0669948"/>
 <node id="9533532511" visible="true" version="1" changeset="117830596" timestamp="2022-02-24T23:23:40Z" user="Furdrien" uid="6696140" lat="49.0337084" lon="2.0669572"/>
 <node id="9533532512" visible="true" version="1" changeset="117830596" timestamp="2022-02-24T23:23:40Z" user="Furdrien" uid="6696140" lat="49.0337708" lon="2.0669465"/>
 <node id="9533532513" visible="true" version="1" changeset="117830596" timestamp="2022-02-24T23:23:40Z" user="Furdrien" uid="6696140" lat="49.0337537" lon="2.0669445"/>
 <node id="9533532514" visible="true" version="1" changeset="117830596" timestamp="2022-02-24T23:23:40Z" user="Furdrien" uid="6696140" lat="49.0338385" lon="2.0669921"/>
 <node id="9533532515" visible="true" version="1" changeset="117830596" timestamp="2022-02-24T23:23:40Z" user="Furdrien" uid="6696140" lat="49.0337289" lon="2.0669843"/>
 <node id="9887254016" visible="true" version="1" changeset="123607750" timestamp="2022-07-14T12:24:19Z" user="Furdrien" uid="6696140" lat="49.0335809" lon="2.0666032"/>
 <node id="9887282017" visible="true" version="1" changeset="123607750" timestamp="2022-07-14T12:24:19Z" user="Furdrien" uid="6696140" lat="49.0338842" lon="2.0670819"/>
 <node id="9887282018" visible="true" version="1" changeset="123607750" timestamp="2022-07-14T12:24:19Z" user="Furdrien" uid="6696140" lat="49.0345621" lon="2.0679966"/>
 <node id="10092627698" visible="true" version="1" changeset="127371446" timestamp="2022-10-11T16:59:48Z" user="Furdrien" uid="6696140" lat="49.0355280" lon="2.0694724"/>
 <node id="10124120525" visible="true" version="1" changeset="127963151" timestamp="2022-10-23T15:39:58Z" user="Furdrien" uid="6696140" lat="49.0358687" lon="2.0691556"/>
 <node id="10124120526" visible="true" version="1" changeset="127963151" timestamp="2022-10-23T15:39:58Z" user="Furdrien" uid="6696140" lat="49.0357759" lon="2.0691664"/>
 <node id="10124120528" visible="true" version="1" changeset="127963151" timestamp="2022-10-23T15:39:58Z" user="Furdrien" uid="6696140" lat="49.0355356" lon="2.0689923"/>
 <node id="10124120530" visible="true" version="1" changeset="127963151" timestamp="2022-10-23T15:39:58Z" user="Furdrien" uid="6696140" lat="49.0354460" lon="2.0688714"/>
 <node id="10124120532" visible="true" version="1" changeset="127963151" timestamp="2022-10-23T15:39:58Z" user="Furdrien" uid="6696140" lat="49.0353525" lon="2.0687452"/>
 <node id="10124120535" visible="true" version="1" changeset="127963151" timestamp="2022-10-23T15:39:58Z" user="Furdrien" uid="6696140" lat="49.0351167" lon="2.0684611"/>
 <node id="10124120543" visible="true" version="1" changeset="127963151" timestamp="2022-10-23T15:39:58Z" user="Furdrien" uid="6696140" lat="49.0348965" lon="2.0681964"/>
 <node id="10124120545" visible="true" version="1" changeset="127963151" timestamp="2022-10-23T15:39:58Z" user="Furdrien" uid="6696140" lat="49.0356146" lon="2.0690989"/>
 <node id="10124120546" visible="true" version="1" changeset="127963151" timestamp="2022-10-23T15:39:58Z" user="Furdrien" uid="6696140" lat="49.0356735" lon="2.0691633"/>
 <node id="10124120547" visible="true" version="1" changeset="127963151" timestamp="2022-10-23T15:39:58Z" user="Furdrien" uid="6696140" lat="49.0358537" lon="2.0691687"/>
 <node id="10124120698" visible="true" version="1" changeset="127963151" timestamp="2022-10-23T15:39:58Z" user="Furdrien" uid="6696140" lat="49.0363443" lon="2.0700404"/>
 <node id="10124120702" visible="true" version="1" changeset="127963151" timestamp="2022-10-23T15:39:58Z" user="Furdrien" uid="6696140" lat="49.0366348" lon="2.0705046"/>
 <node id="10124120703" visible="true" version="1" changeset="127963151" timestamp="2022-10-23T15:39:58Z" user="Furdrien" uid="6696140" lat="49.0363557" lon="2.0700592"/>
 <node id="10169538702" visible="true" version="1" changeset="128651261" timestamp="2022-11-08T17:38:42Z" user="Furdrien" uid="6696140" lat="49.0326291" lon="2.0678534"/>
 <node id="10169538703" visible="true" version="1" changeset="128651261" timestamp="2022-11-08T17:38:42Z" user="Furdrien" uid="6696140" lat="49.0326917" lon="2.0680247"/>
 <node id="10169538713" visible="true" version="1" changeset="128651261" timestamp="2022-11-08T17:38:42Z" user="Furdrien" uid="6696140" lat="49.0327087" lon="2.0673052"/>
 <node id="10169538714" visible="true" version="1" changeset="128651261" timestamp="2022-11-08T17:38:42Z" user="Furdrien" uid="6696140" lat="49.0327254" lon="2.0673046"/>
 <node id="10169538715" visible="true" version="1" changeset="128651261" timestamp="2022-11-08T17:38:42Z" user="Furdrien" uid="6696140" lat="49.0327500" lon="2.0672972"/>
 <node id="10169538716" visible="true" version="1" changeset="128651261" timestamp="2022-11-08T17:38:42Z" user="Furdrien" uid="6696140" lat="49.0327812" lon="2.0672771"/>
 <node id="10169580417" visible="true" version="1" changeset="128651261" timestamp="2022-11-08T17:38:42Z" user="Furdrien" uid="6696140" lat="49.0328318" lon="2.0672140"/>
 <node id="10169580418" visible="true" version="1" changeset="128651261" timestamp="2022-11-08T17:38:42Z" user="Furdrien" uid="6696140" lat="49.0328652" lon="2.0671557"/>
 <node id="10169580419" visible="true" version="1" changeset="128651261" timestamp="2022-11-08T17:38:42Z" user="Furdrien" uid="6696140" lat="49.0329760" lon="2.0670162"/>
 <node id="10169580420" visible="true" version="1" changeset="128651261" timestamp="2022-11-08T17:38:42Z" user="Furdrien" uid="6696140" lat="49.0331026" lon="2.0669042"/>
 <node id="10169580421" visible="true" version="1" changeset="128651261" timestamp="2022-11-08T17:38:42Z" user="Furdrien" uid="6696140" lat="49.0331342" lon="2.0668586"/>
 <node id="10169580422" visible="true" version="1" changeset="128651261" timestamp="2022-11-08T17:38:42Z" user="Furdrien" uid="6696140" lat="49.0331457" lon="2.0667869"/>
 <node id="10169580423" visible="true" version="1" changeset="128651261" timestamp="2022-11-08T17:38:42Z" user="Furdrien" uid="6696140" lat="49.0331404" lon="2.0667426"/>
 <node id="10169580424" visible="true" version="1" changeset="128651261" timestamp="2022-11-08T17:38:42Z" user="Furdrien" uid="6696140" lat="49.0330283" lon="2.0664811"/>
 <node id="10169580425" visible="true" version="1" changeset="128651261" timestamp="2022-11-08T17:38:42Z" user="Furdrien" uid="6696140" lat="49.0330217" lon="2.0664496"/>
 <node id="10169580426" visible="true" version="1" changeset="128651261" timestamp="2022-11-08T17:38:42Z" user="Furdrien" uid="6696140" lat="49.0330270" lon="2.0664047"/>
 <node id="10169580427" visible="true" version="1" changeset="128651261" timestamp="2022-11-08T17:38:42Z" user="Furdrien" uid="6696140" lat="49.0329873" lon="2.0664379"/>
 <node id="10251055374" visible="true" version="1" changeset="129940344" timestamp="2022-12-10T17:23:07Z" user="Furdrien" uid="6696140" lat="49.0310055" lon="2.0675781"/>
 <node id="10251055375" visible="true" version="1" changeset="129940344" timestamp="2022-12-10T17:23:07Z" user="Furdrien" uid="6696140" lat="49.0315551" lon="2.0681296"/>
 <node id="10251055383" visible="true" version="1" changeset="129940344" timestamp="2022-12-10T17:23:07Z" user="Furdrien" uid="6696140" lat="49.0327447" lon="2.0665441"/>
 <node id="10251055384" visible="true" version="1" changeset="129940344" timestamp="2022-12-10T17:23:07Z" user="Furdrien" uid="6696140" lat="49.0327737" lon="2.0665227"/>
 <node id="11226532400" visible="true" version="1" changeset="141902327" timestamp="2023-09-29T09:09:22Z" user="cat_mapping2" uid="9715697" lat="49.0337142" lon="2.0667196"/>
 <node id="11226532401" visible="true" version="1" changeset="141902327" timestamp="2023-09-29T09:09:22Z" user="cat_mapping2" uid="9715697" lat="49.0337165" lon="2.0667336"/>
 <node id="11226532402" visible="true" version="1" changeset="141902327" timestamp="2023-09-29T09:09:22Z" user="cat_mapping2" uid="9715697" lat="49.0337163" lon="2.0667505"/>
 <node id="11226532403" visible="true" version="1" changeset="141902327" timestamp="2023-09-29T09:09:22Z" user="cat_mapping2" uid="9715697" lat="49.0337123" lon="2.0667641"/>
 <node id="11226532404" visible="true" version="1" changeset="141902327" timestamp="2023-09-29T09:09:22Z" user="cat_mapping2" uid="9715697" lat="49.0337083" lon="2.0667716"/>
 <node id="11226532405" visible="true" version="1" changeset="141902327" timestamp="2023-09-29T09:09:22Z" user="cat_mapping2" uid="9715697" lat="49.0337034" lon="2.0667788"/>
 <node id="11226532406" visible="true" version="1" changeset="141902327" timestamp="2023-09-29T09:09:22Z" user="cat_mapping2" uid="9715697" lat="49.0336977" lon="2.0667831"/>
 <node id="11226532407" visible="true" version="1" changeset="141902327" timestamp="2023-09-29T09:09:22Z" user="cat_mapping2" uid="9715697" lat="49.0336897" lon="2.0667849"/>
 <node id="11226532408" visible="true" version="1" changeset="141902327" timestamp="2023-09-29T09:09:22Z" user="cat_mapping2" uid="9715697" lat="49.0336829" lon="2.0667852"/>
 <node id="11226532409" visible="true" version="1" changeset="141902327" timestamp="2023-09-29T09:09:22Z" user="cat_mapping2" uid="9715697" lat="49.0336756" lon="2.0667842"/>
 <node id="11226532410" visible="true" version="1" changeset="141902327" timestamp="2023-09-29T09:09:22Z" user="cat_mapping2" uid="9715697" lat="49.0336691" lon="2.0667799"/>
 <node id="11226532411" visible="true" version="1" changeset="141902327" timestamp="2023-09-29T09:09:22Z" user="cat_mapping2" uid="9715697" lat="49.0336308" lon="2.0667262"/>
 <node id="11226532412" visible="true" version="1" changeset="141902327" timestamp="2023-09-29T09:09:22Z" user="cat_mapping2" uid="9715697" lat="49.0334295" lon="2.0663857"/>
 <node id="11226532413" visible="true" version="1" changeset="141902327" timestamp="2023-09-29T09:09:22Z" user="cat_mapping2" uid="9715697" lat="49.0333401" lon="2.0662285"/>
 <node id="11226532414" visible="true" version="1" changeset="141902327" timestamp="2023-09-29T09:09:22Z" user="cat_mapping2" uid="9715697" lat="49.0333738" lon="2.0661905"/>
 <node id="11226532415" visible="true" version="1" changeset="141902327" timestamp="2023-09-29T09:09:22Z" user="cat_mapping2" uid="9715697" lat="49.0335111" lon="2.0664081"/>
 <node id="11226532416" visible="true" version="1" changeset="141902327" timestamp="2023-09-29T09:09:22Z" user="cat_mapping2" uid="9715697" lat="49.0336357" lon="2.0666003"/>
 <node id="11226532417" visible="true" version="1" changeset="141902327" timestamp="2023-09-29T09:09:22Z" user="cat_mapping2" uid="9715697" lat="49.0337055" lon="2.0667038"/>
 <node id="11226532418" visible="true" version="1" changeset="141902327" timestamp="2023-09-29T09:09:22Z" user="cat_mapping2" uid="9715697" lat="49.0335686" lon="2.0668011"/>
 <node id="11226532419" visible="true" version="1" changeset="141902327" timestamp="2023-09-29T09:09:22Z" user="cat_mapping2" uid="9715697" lat="49.0336496" lon="2.0669305"/>
 <node id="11226532420" visible="true" version="1" changeset="141902327" timestamp="2023-09-29T09:09:22Z" user="cat_mapping2" uid="9715697" lat="49.0335697" lon="2.0670034"/>
 <node id="11226532421" visible="true" version="1" changeset="141902327" timestamp="2023-09-29T09:09:22Z" user="cat_mapping2" uid="9715697" lat="49.0335600" lon="2.0669791"/>
 <node id="11226532422" visible="true" version="1" changeset="141902327" timestamp="2023-09-29T09:09:22Z" user="cat_mapping2" uid="9715697" lat="49.0335669" lon="2.0669337"/>
 <node id="11226532423" visible="true" version="1" changeset="141902327" timestamp="2023-09-29T09:09:22Z" user="cat_mapping2" uid="9715697" lat="49.0335696" lon="2.0668976"/>
 <node id="11226532424" visible="true" version="1" changeset="141902327" timestamp="2023-09-29T09:09:22Z" user="cat_mapping2" uid="9715697" lat="49.0335693" lon="2.0668621"/>
 <node id="11226532425" visible="true" version="1" changeset="141902327" timestamp="2023-09-29T09:09:22Z" user="cat_mapping2" uid="9715697" lat="49.0335683" lon="2.0668281"/>
 <node id="11240756964" visible="true" version="3" changeset="144866899" timestamp="2023-12-07T13:13:57Z" user="Furdrien" uid="6696140" lat="49.0346491" lon="2.0677579">
  <tag k="direction" v="forward"/>
  <tag k="highway" v="stop"/>
 </node>
 <node id="11243970911" visible="true" version="1" changeset="142239392" timestamp="2023-10-06T15:56:26Z" user="cat_mapping2" uid="9715697" lat="49.0326641" lon="2.0653148">
  <tag k="barrier" v="lift_gate"/>
 </node>
 <node id="11244005132" visible="true" version="6" changeset="142495447" timestamp="2023-10-12T19:56:24Z" user="cat_mapping2" uid="9715697" lat="49.0331015" lon="2.0661368">
  <tag k="amenity" v="recycling"/>
  <tag k="location" v="underground"/>
  <tag k="recycling:cardboard" v="yes"/>
  <tag k="recycling:glass_bottles" v="yes"/>
  <tag k="recycling:paper" v="yes"/>
  <tag k="recycling:plastic_packaging" v="yes"/>
  <tag k="recycling_type" v="container"/>
 </node>
 <node id="11250700366" visible="true" version="2" changeset="142367694" timestamp="2023-10-09T21:48:43Z" user="Kalepom" uid="392288" lat="49.0333301" lon="2.0659784">
  <tag k="advertising" v="poster_box"/>
  <tag k="animated" v="no"/>
  <tag k="land_property" v="public"/>
  <tag k="legal_type:FR" v="publicité:mobilier_urbain:information"/>
  <tag k="luminous" v="no"/>
  <tag k="message" v="commercial"/>
  <tag k="message:reverse" v="municipality"/>
  <tag k="operator" v="JCDecaux"/>
  <tag k="operator:wikidata" v="Q74877"/>
  <tag k="sides" v="2"/>
  <tag k="support" v="ground"/>
  <tag k="visibility" v="street"/>
 </node>
 <node id="11250724297" visible="true" version="4" changeset="159890758" timestamp="2024-12-03T17:33:47Z" user="K12230LF" uid="21876225" lat="49.0338114" lon="2.0677147">
  <tag k="contact:website" v="https://www.cowool.co/cowool/cergy/"/>
  <tag k="disused:tourism" v="hotel"/>
  <tag k="name" v="Cowool"/>
  <tag k="office" v="coworking"/>
  <tag k="old_name" v="Hôtel Olivarius"/>
 </node>
 <node id="11251911355" visible="true" version="1" changeset="142367694" timestamp="2023-10-09T21:48:43Z" user="Kalepom" uid="392288" lat="49.0334128" lon="2.0662076">
  <tag k="traffic_calming" v="cushion"/>
 </node>
 <node id="11251911356" visible="true" version="1" changeset="142367694" timestamp="2023-10-09T21:48:43Z" user="Kalepom" uid="392288" lat="49.0331626" lon="2.0658655">
  <tag k="traffic_calming" v="cushion"/>
 </node>
 <node id="11258324971" visible="true" version="1" changeset="142495218" timestamp="2023-10-12T19:50:23Z" user="cat_mapping2" uid="9715697" lat="49.0339551" lon="2.0669747"/>
 <node id="11258324972" visible="true" version="1" changeset="142495218" timestamp="2023-10-12T19:50:23Z" user="cat_mapping2" uid="9715697" lat="49.0340003" lon="2.0668996"/>
 <node id="11400836594" visible="true" version="1" changeset="144866899" timestamp="2023-12-07T13:13:57Z" user="Furdrien" uid="6696140" lat="49.0346171" lon="2.0677418"/>
 <node id="11400836596" visible="true" version="1" changeset="144866899" timestamp="2023-12-07T13:13:57Z" user="Furdrien" uid="6696140" lat="49.0345687" lon="2.0676975"/>
 <node id="11400836597" visible="true" version="1" changeset="144866899" timestamp="2023-12-07T13:13:57Z" user="Furdrien" uid="6696140" lat="49.0345381" lon="2.0676617"/>
 <node id="11410908433" visible="true" version="1" changeset="145017752" timestamp="2023-12-11T23:40:29Z" user="Furdrien" uid="6696140" lat="49.0335554" lon="2.0672596"/>
 <node id="11410908434" visible="true" version="1" changeset="145017752" timestamp="2023-12-11T23:40:29Z" user="Furdrien" uid="6696140" lat="49.0335717" lon="2.0673709"/>
 <node id="11410908435" visible="true" version="1" changeset="145017752" timestamp="2023-12-11T23:40:29Z" user="Furdrien" uid="6696140" lat="49.0335233" lon="2.0673917"/>
 <node id="11413246753" visible="true" version="1" changeset="145049554" timestamp="2023-12-12T18:43:09Z" user="Furdrien" uid="6696140" lat="49.0329109" lon="2.0679054"/>
 <node id="11413246754" visible="true" version="1" changeset="145049554" timestamp="2023-12-12T18:43:09Z" user="Furdrien" uid="6696140" lat="49.0326032" lon="2.0682085"/>
 <node id="11413246755" visible="true" version="1" changeset="145049554" timestamp="2023-12-12T18:43:09Z" user="Furdrien" uid="6696140" lat="49.0323728" lon="2.0684552"/>
 <node id="11413246756" visible="true" version="1" changeset="145049554" timestamp="2023-12-12T18:43:09Z" user="Furdrien" uid="6696140" lat="49.0320774" lon="2.0688052"/>
 <node id="11413246757" visible="true" version="1" changeset="145049554" timestamp="2023-12-12T18:43:09Z" user="Furdrien" uid="6696140" lat="49.0319569" lon="2.0689581"/>
 <node id="11413246758" visible="true" version="1" changeset="145049554" timestamp="2023-12-12T18:43:09Z" user="Furdrien" uid="6696140" lat="49.0318268" lon="2.0691285"/>
 <node id="11413246759" visible="true" version="1" changeset="145049554" timestamp="2023-12-12T18:43:09Z" user="Furdrien" uid="6696140" lat="49.0316131" lon="2.0694289"/>
 <node id="11413246760" visible="true" version="1" changeset="145049554" timestamp="2023-12-12T18:43:09Z" user="Furdrien" uid="6696140" lat="49.0311866" lon="2.0700257"/>
 <node id="11413246761" visible="true" version="1" changeset="145049554" timestamp="2023-12-12T18:43:09Z" user="Furdrien" uid="6696140" lat="49.0311779" lon="2.0700377"/>
 <node id="11413246762" visible="true" version="2" changeset="145198514" timestamp="2023-12-16T21:50:19Z" user="Furdrien" uid="6696140" lat="49.0308561" lon="2.0705648"/>
 <node id="11413246768" visible="true" version="1" changeset="145049554" timestamp="2023-12-12T18:43:09Z" user="Furdrien" uid="6696140" lat="49.0297490" lon="2.0682326"/>
 <node id="11413256769" visible="true" version="2" changeset="145511979" timestamp="2023-12-25T21:21:23Z" user="Furdrien" uid="6696140" lat="49.0300414" lon="2.0686366"/>
 <node id="11413256770" visible="true" version="1" changeset="145049554" timestamp="2023-12-12T18:43:09Z" user="Furdrien" uid="6696140" lat="49.0300937" lon="2.0686899"/>
 <node id="11413256771" visible="true" version="1" changeset="145049554" timestamp="2023-12-12T18:43:09Z" user="Furdrien" uid="6696140" lat="49.0300743" lon="2.0687462"/>
 <node id="11413256772" visible="true" version="1" changeset="145049554" timestamp="2023-12-12T18:43:09Z" user="Furdrien" uid="6696140" lat="49.0299780" lon="2.0690017"/>
 <node id="11413256773" visible="true" version="1" changeset="145049554" timestamp="2023-12-12T18:43:09Z" user="Furdrien" uid="6696140" lat="49.0299631" lon="2.0690406"/>
 <node id="11413256774" visible="true" version="1" changeset="145049554" timestamp="2023-12-12T18:43:09Z" user="Furdrien" uid="6696140" lat="49.0299671" lon="2.0690574"/>
 <node id="11413256775" visible="true" version="1" changeset="145049554" timestamp="2023-12-12T18:43:09Z" user="Furdrien" uid="6696140" lat="49.0299503" lon="2.0691043"/>
 <node id="11413256776" visible="true" version="1" changeset="145049554" timestamp="2023-12-12T18:43:09Z" user="Furdrien" uid="6696140" lat="49.0299864" lon="2.0692076"/>
 <node id="11413256777" visible="true" version="1" changeset="145049554" timestamp="2023-12-12T18:43:09Z" user="Furdrien" uid="6696140" lat="49.0301447" lon="2.0695163"/>
 <node id="11413256778" visible="true" version="1" changeset="145049554" timestamp="2023-12-12T18:43:09Z" user="Furdrien" uid="6696140" lat="49.0307241" lon="2.0696434"/>
 <node id="11413256779" visible="true" version="1" changeset="145049554" timestamp="2023-12-12T18:43:09Z" user="Furdrien" uid="6696140" lat="49.0309950" lon="2.0691928"/>
 <node id="11413256780" visible="true" version="1" changeset="145049554" timestamp="2023-12-12T18:43:09Z" user="Furdrien" uid="6696140" lat="49.0312201" lon="2.0688012"/>
 <node id="11413256781" visible="true" version="1" changeset="145049554" timestamp="2023-12-12T18:43:09Z" user="Furdrien" uid="6696140" lat="49.0313738" lon="2.0685461"/>
 <node id="11413256782" visible="true" version="1" changeset="145049554" timestamp="2023-12-12T18:43:09Z" user="Furdrien" uid="6696140" lat="49.0316247" lon="2.0689663"/>
 <node id="11413256783" visible="true" version="1" changeset="145049554" timestamp="2023-12-12T18:43:09Z" user="Furdrien" uid="6696140" lat="49.0317942" lon="2.0687355"/>
 <node id="11413256784" visible="true" version="1" changeset="145049554" timestamp="2023-12-12T18:43:09Z" user="Furdrien" uid="6696140" lat="49.0319578" lon="2.0685263"/>
 <node id="11413256785" visible="true" version="1" changeset="145049554" timestamp="2023-12-12T18:43:09Z" user="Furdrien" uid="6696140" lat="49.0326419" lon="2.0677806"/>
 <node id="11413256786" visible="true" version="1" changeset="145049554" timestamp="2023-12-12T18:43:09Z" user="Furdrien" uid="6696140" lat="49.0331272" lon="2.0673434"/>
 <node id="11413256787" visible="true" version="1" changeset="145049554" timestamp="2023-12-12T18:43:09Z" user="Furdrien" uid="6696140" lat="49.0334174" lon="2.0670564"/>
 <node id="11413256788" visible="true" version="1" changeset="145049554" timestamp="2023-12-12T18:43:09Z" user="Furdrien" uid="6696140" lat="49.0334543" lon="2.0667507"/>
 <node id="11413256789" visible="true" version="1" changeset="145049554" timestamp="2023-12-12T18:43:09Z" user="Furdrien" uid="6696140" lat="49.0337515" lon="2.0665039"/>
 <node id="11413256790" visible="true" version="1" changeset="145049554" timestamp="2023-12-12T18:43:09Z" user="Furdrien" uid="6696140" lat="49.0339994" lon="2.0668231"/>
 <node id="11413256791" visible="true" version="1" changeset="145049554" timestamp="2023-12-12T18:43:09Z" user="Furdrien" uid="6696140" lat="49.0345797" lon="2.0676398"/>
 <node id="11413256792" visible="true" version="1" changeset="145049554" timestamp="2023-12-12T18:43:09Z" user="Furdrien" uid="6696140" lat="49.0346070" lon="2.0675956"/>
 <node id="11413256793" visible="true" version="1" changeset="145049554" timestamp="2023-12-12T18:43:09Z" user="Furdrien" uid="6696140" lat="49.0347424" lon="2.0677552"/>
 <node id="11413256794" visible="true" version="1" changeset="145049554" timestamp="2023-12-12T18:43:09Z" user="Furdrien" uid="6696140" lat="49.0347225" lon="2.0678783"/>
 <node id="11413256795" visible="true" version="1" changeset="145049554" timestamp="2023-12-12T18:43:09Z" user="Furdrien" uid="6696140" lat="49.0348991" lon="2.0681932"/>
 <node id="11413256796" visible="true" version="1" changeset="145049554" timestamp="2023-12-12T18:43:09Z" user="Furdrien" uid="6696140" lat="49.0359468" lon="2.0690878"/>
 <node id="11413256797" visible="true" version="1" changeset="145049554" timestamp="2023-12-12T18:43:09Z" user="Furdrien" uid="6696140" lat="49.0360419" lon="2.0692646"/>
 <node id="11413256798" visible="true" version="1" changeset="145049554" timestamp="2023-12-12T18:43:09Z" user="Furdrien" uid="6696140" lat="49.0360405" lon="2.0696240"/>
 <node id="11413256799" visible="true" version="1" changeset="145049554" timestamp="2023-12-12T18:43:09Z" user="Furdrien" uid="6696140" lat="49.0362568" lon="2.0699204"/>
 <node id="11413256800" visible="true" version="1" changeset="145049554" timestamp="2023-12-12T18:43:09Z" user="Furdrien" uid="6696140" lat="49.0365953" lon="2.0705460"/>
 <node id="11413256801" visible="true" version="1" changeset="145049554" timestamp="2023-12-12T18:43:09Z" user="Furdrien" uid="6696140" lat="49.0366586" lon="2.0706540"/>
 <node id="11413256802" visible="true" version="1" changeset="145049554" timestamp="2023-12-12T18:43:09Z" user="Furdrien" uid="6696140" lat="49.0368055" lon="2.0709188"/>
 <node id="11423623019" visible="true" version="1" changeset="145198514" timestamp="2023-12-16T21:50:19Z" user="Furdrien" uid="6696140" lat="49.0336771" lon="2.0686778"/>
 <node id="11423623020" visible="true" version="1" changeset="145198514" timestamp="2023-12-16T21:50:19Z" user="Furdrien" uid="6696140" lat="49.0342087" lon="2.0679803"/>
 <node id="11423623021" visible="true" version="1" changeset="145198514" timestamp="2023-12-16T21:50:19Z" user="Furdrien" uid="6696140" lat="49.0340032" lon="2.0691423"/>
 <node id="11423623022" visible="true" version="1" changeset="145198514" timestamp="2023-12-16T21:50:19Z" user="Furdrien" uid="6696140" lat="49.0341475" lon="2.0691400"/>
 <node id="11423623023" visible="true" version="1" changeset="145198514" timestamp="2023-12-16T21:50:19Z" user="Furdrien" uid="6696140" lat="49.0341733" lon="2.0689941"/>
 <node id="11423623024" visible="true" version="1" changeset="145198514" timestamp="2023-12-16T21:50:19Z" user="Furdrien" uid="6696140" lat="49.0342204" lon="2.0679141"/>
 <node id="11423623025" visible="true" version="1" changeset="145198514" timestamp="2023-12-16T21:50:19Z" user="Furdrien" uid="6696140" lat="49.0342034" lon="2.0679040"/>
 <node id="11423623026" visible="true" version="1" changeset="145198514" timestamp="2023-12-16T21:50:19Z" user="Furdrien" uid="6696140" lat="49.0341410" lon="2.0682634"/>
 <node id="11423623027" visible="true" version="1" changeset="145198514" timestamp="2023-12-16T21:50:19Z" user="Furdrien" uid="6696140" lat="49.0341208" lon="2.0682862"/>
 <node id="11423623028" visible="true" version="1" changeset="145198514" timestamp="2023-12-16T21:50:19Z" user="Furdrien" uid="6696140" lat="49.0340232" lon="2.0688441"/>
 <node id="11423623029" visible="true" version="1" changeset="145198514" timestamp="2023-12-16T21:50:19Z" user="Furdrien" uid="6696140" lat="49.0339862" lon="2.0688321"/>
 <node id="11423623030" visible="true" version="1" changeset="145198514" timestamp="2023-12-16T21:50:19Z" user="Furdrien" uid="6696140" lat="49.0340117" lon="2.0686644"/>
 <node id="11423623031" visible="true" version="1" changeset="145198514" timestamp="2023-12-16T21:50:19Z" user="Furdrien" uid="6696140" lat="49.0336754" lon="2.0692173"/>
 <node id="11423623032" visible="true" version="1" changeset="145198514" timestamp="2023-12-16T21:50:19Z" user="Furdrien" uid="6696140" lat="49.0336752" lon="2.0692046"/>
 <node id="11423623033" visible="true" version="1" changeset="145198514" timestamp="2023-12-16T21:50:19Z" user="Furdrien" uid="6696140" lat="49.0336807" lon="2.0676653"/>
 <node id="11423623034" visible="true" version="1" changeset="145198514" timestamp="2023-12-16T21:50:19Z" user="Furdrien" uid="6696140" lat="49.0338781" lon="2.0673971"/>
 <node id="11423623035" visible="true" version="1" changeset="145198514" timestamp="2023-12-16T21:50:19Z" user="Furdrien" uid="6696140" lat="49.0339071" lon="2.0674118"/>
 <node id="11423623036" visible="true" version="1" changeset="145198514" timestamp="2023-12-16T21:50:19Z" user="Furdrien" uid="6696140" lat="49.0345147" lon="2.0682111"/>
 <node id="11423623037" visible="true" version="1" changeset="145198514" timestamp="2023-12-16T21:50:19Z" user="Furdrien" uid="6696140" lat="49.0343397" lon="2.0691995"/>
 <node id="11423623038" visible="true" version="1" changeset="145198514" timestamp="2023-12-16T21:50:19Z" user="Furdrien" uid="6696140" lat="49.0339924" lon="2.0692036"/>
 <node id="11423623039" visible="true" version="1" changeset="145198514" timestamp="2023-12-16T21:50:19Z" user="Furdrien" uid="6696140" lat="49.0342333" lon="2.0678410"/>
 <node id="11423623114" visible="true" version="1" changeset="145198514" timestamp="2023-12-16T21:50:19Z" user="Furdrien" uid="6696140" lat="49.0308535" lon="2.0707030"/>
 <node id="11429600783" visible="true" version="2" changeset="145263882" timestamp="2023-12-18T19:23:26Z" user="cat_mapping2" uid="9715697" lat="49.0335766" lon="2.0672886">
  <tag k="amenity" v="waste_basket"/>
 </node>
 <node id="11453858487" visible="true" version="1" changeset="145511979" timestamp="2023-12-25T21:21:23Z" user="Furdrien" uid="6696140" lat="49.0308357" lon="2.0694578"/>
 <node id="11453858506" visible="true" version="1" changeset="145511979" timestamp="2023-12-25T21:21:23Z" user="Furdrien" uid="6696140" lat="49.0296227" lon="2.0682621"/>
 <node id="11453858507" visible="true" version="1" changeset="145511979" timestamp="2023-12-25T21:21:23Z" user="Furdrien" uid="6696140" lat="49.0293626" lon="2.0679026"/>
 <node id="11473371955" visible="true" version="1" changeset="145741930" timestamp="2023-12-31T17:27:21Z" user="Furdrien" uid="6696140" lat="49.0369900" lon="2.0648298"/>
 <node id="12364577434" visible="true" version="1" changeset="159451176" timestamp="2024-11-22T09:59:23Z" user="Furdrien" uid="6696140" lat="49.0336075" lon="2.0693525"/>
 <node id="12364577435" visible="true" version="1" changeset="159451176" timestamp="2024-11-22T09:59:23Z" user="Furdrien" uid="6696140" lat="49.0336070" lon="2.0692163"/>
 <node id="12364577437" visible="true" version="1" changeset="159451176" timestamp="2024-11-22T09:59:23Z" user="Furdrien" uid="6696140" lat="49.0336231" lon="2.0692163"/>
 <node id="12364577438" visible="true" version="1" changeset="159451176" timestamp="2024-11-22T09:59:23Z" user="Furdrien" uid="6696140" lat="49.0335972" lon="2.0692163"/>
 <node id="12364577582" visible="true" version="1" changeset="159451176" timestamp="2024-11-22T09:59:23Z" user="Furdrien" uid="6696140" lat="49.0336167" lon="2.0675309"/>
 <node id="12768616131" visible="true" version="2" changeset="185124326" timestamp="2026-07-05T06:08:11Z" user="yargil" uid="157949" lat="49.0331906" lon="2.0692177"/>
 <node id="12768616137" visible="true" version="1" changeset="165156960" timestamp="2025-04-19T14:42:20Z" user="yargil" uid="157949" lat="49.0336070" lon="2.0692317"/>
 <node id="12768616145" visible="true" version="1" changeset="165156960" timestamp="2025-04-19T14:42:20Z" user="yargil" uid="157949" lat="49.0336077" lon="2.0693447"/>
 <node id="12768616719" visible="true" version="1" changeset="165156960" timestamp="2025-04-19T14:42:20Z" user="yargil" uid="157949" lat="49.0329900" lon="2.0662692"/>
 <node id="12768616720" visible="true" version="1" changeset="165156960" timestamp="2025-04-19T14:42:20Z" user="yargil" uid="157949" lat="49.0327948" lon="2.0664429"/>
 <node id="12768616721" visible="true" version="1" changeset="165156960" timestamp="2025-04-19T14:42:20Z" user="yargil" uid="157949" lat="49.0328766" lon="2.0664409"/>
 <node id="12768616722" visible="true" version="1" changeset="165156960" timestamp="2025-04-19T14:42:20Z" user="yargil" uid="157949" lat="49.0329975" lon="2.0662826"/>
 <node id="12768616723" visible="true" version="1" changeset="165156960" timestamp="2025-04-19T14:42:20Z" user="yargil" uid="157949" lat="49.0330529" lon="2.0662283"/>
 <node id="12768616724" visible="true" version="1" changeset="165156960" timestamp="2025-04-19T14:42:20Z" user="yargil" uid="157949" lat="49.0331444" lon="2.0660925"/>
 <node id="12768616725" visible="true" version="1" changeset="165156960" timestamp="2025-04-19T14:42:20Z" user="yargil" uid="157949" lat="49.0331976" lon="2.0662005"/>
 <node id="12768616726" visible="true" version="1" changeset="165156960" timestamp="2025-04-19T14:42:20Z" user="yargil" uid="157949" lat="49.0329553" lon="2.0664027">
  <tag k="direction" v="backward"/>
  <tag k="highway" v="stop"/>
 </node>
 <node id="12768616727" visible="true" version="1" changeset="165156960" timestamp="2025-04-19T14:42:20Z" user="yargil" uid="157949" lat="49.0330324" lon="2.0662490">
  <tag k="crossing" v="uncontrolled"/>
  <tag k="crossing:markings" v="yes"/>
  <tag k="highway" v="crossing"/>
 </node>
 <node id="12768616729" visible="true" version="1" changeset="165156960" timestamp="2025-04-19T14:42:20Z" user="yargil" uid="157949" lat="49.0315211" lon="2.0691721"/>
 <node id="12768616731" visible="true" version="1" changeset="165156960" timestamp="2025-04-19T14:42:20Z" user="yargil" uid="157949" lat="49.0320936" lon="2.0688052"/>
 <node id="12768616732" visible="true" version="1" changeset="165156960" timestamp="2025-04-19T14:42:20Z" user="yargil" uid="157949" lat="49.0323596" lon="2.0691479"/>
 <node id="12768616733" visible="true" version="1" changeset="165156960" timestamp="2025-04-19T14:42:20Z" user="yargil" uid="157949" lat="49.0324726" lon="2.0691814"/>
 <node id="12768616734" visible="true" version="2" changeset="185124326" timestamp="2026-07-05T06:08:11Z" user="yargil" uid="157949" lat="49.0331255" lon="2.0692237"/>
 <node id="12923526348" visible="true" version="5" changeset="172747706" timestamp="2025-10-02T12:48:33Z" user="luc65r" uid="10206589" lat="49.0370334" lon="2.0648099">
  <tag k="crossing:markings" v="yes"/>
  <tag k="crossing:signals" v="no"/>
  <tag k="highway" v="crossing"/>
  <tag k="kerb" v="lowered"/>
  <tag k="tactile_paving" v="no"/>
 </node>
 <node id="13989436389" visible="true" version="1" changeset="185124326" timestamp="2026-07-05T06:08:11Z" user="yargil" uid="157949" lat="49.0330617" lon="2.0692230"/>
 <node id="13989436390" visible="true" version="1" changeset="185124326" timestamp="2026-07-05T06:08:11Z" user="yargil" uid="157949" lat="49.0330538" lon="2.0691915"/>
 <node id="13989436391" visible="true" version="1" changeset="185124326" timestamp="2026-07-05T06:08:11Z" user="yargil" uid="157949" lat="49.0328894" lon="2.0691808"/>
 <node id="13989464225" visible="true" version="1" changeset="185124326" timestamp="2026-07-05T06:08:11Z" user="yargil" uid="157949" lat="49.0331892" lon="2.0689306">
  <tag k="barrier" v="lift_gate"/>
 </node>
 <node id="13989464226" visible="true" version="1" changeset="185124326" timestamp="2026-07-05T06:08:11Z" user="yargil" uid="157949" lat="49.0330984" lon="2.0692281"/>
 <node id="14058443514" visible="true" version="1" changeset="186576316" timestamp="2026-07-29T10:42:34Z" user="Byenin" uid="20432726" lat="49.0332285" lon="2.0660128"/>
 <node id="14058443515" visible="true" version="1" changeset="186576316" timestamp="2026-07-29T10:42:34Z" user="Byenin" uid="20432726" lat="49.0332388" lon="2.0659975"/>
 <way id="20597696" visible="true" version="10" changeset="142311124" timestamp="2023-10-08T15:59:18Z" user="cat_mapping2" uid="9715697">
  <nd ref="221138796"/>
  <nd ref="4979712929"/>
  <nd ref="4979712930"/>
  <nd ref="9533532514"/>
  <nd ref="4979712938"/>
  <nd ref="4979712940"/>
  <tag k="highway" v="primary"/>
  <tag k="lanes" v="1"/>
  <tag k="lit" v="yes"/>
  <tag k="maxspeed" v="50"/>
  <tag k="name" v="Boulevard du Port"/>
  <tag k="oneway" v="yes"/>
  <tag k="sidewalk" v="separate"/>
  <tag k="surface" v="asphalt"/>
 </way>
 <way id="20627956" visible="true" version="16" changeset="165156960" timestamp="2025-04-19T14:42:20Z" user="yargil" uid="157949">
  <nd ref="221433883"/>
  <nd ref="6757876597"/>
  <nd ref="6757876598"/>
  <nd ref="6757876599"/>
  <nd ref="6757876602"/>
  <nd ref="2788391905"/>
  <nd ref="6757876601"/>
  <nd ref="6757876600"/>
  <nd ref="6757876604"/>
  <nd ref="6757876605"/>
  <nd ref="221433887"/>
  <nd ref="6757876606"/>
  <nd ref="6757876603"/>
  <nd ref="6757876607"/>
  <nd ref="6757876608"/>
  <nd ref="2788391904"/>
  <nd ref="6757876609"/>
  <nd ref="6757876610"/>
  <nd ref="221433892"/>
  <nd ref="6757876611"/>
  <nd ref="6757876612"/>
  <nd ref="6757876613"/>
  <nd ref="6757876614"/>
  <nd ref="6757876615"/>
  <nd ref="6757876616"/>
  <nd ref="6757876621"/>
  <nd ref="6757876622"/>
  <nd ref="6757876617"/>
  <nd ref="6757876620"/>
  <nd ref="6757876618"/>
  <nd ref="221433906"/>
  <nd ref="6757876619"/>
  <nd ref="6757876623"/>
  <nd ref="2788391907"/>
  <nd ref="6757876624"/>
  <nd ref="6757876625"/>
  <nd ref="2788391909"/>
  <nd ref="6757876626"/>
  <nd ref="2788391908"/>
  <nd ref="6757876627"/>
  <nd ref="221433898"/>
  <nd ref="12364577434"/>
  <nd ref="12768616145"/>
  <nd ref="591961529"/>
  <nd ref="12768616137"/>
  <nd ref="12364577435"/>
  <nd ref="6778929961"/>
  <nd ref="6757876651"/>
  <nd ref="4274488844"/>
  <nd ref="6757876671"/>
  <nd ref="8583942675"/>
  <nd ref="4274488842"/>
  <tag k="bicycle" v="yes"/>
  <tag k="highway" v="pedestrian"/>
  <tag k="lit" v="yes"/>
  <tag k="smoothness" v="good"/>
  <tag k="surface" v="concrete"/>
  <tag k="width" v="3"/>
 </way>
 <way id="25162927" visible="true" version="11" changeset="178018563" timestamp="2026-02-02T18:08:31Z" user="Penegal" uid="2815659">
  <nd ref="221138761"/>
  <nd ref="4274488837"/>
  <nd ref="9533532482"/>
  <nd ref="4979712945"/>
  <nd ref="9533532481"/>
  <nd ref="4274488840"/>
  <nd ref="6757876683"/>
  <nd ref="4274488839"/>
  <nd ref="4274488836"/>
  <nd ref="4979712932"/>
  <tag k="cycleway:right" v="separate"/>
  <tag k="highway" v="tertiary"/>
  <tag k="lanes" v="1"/>
  <tag k="lit" v="yes"/>
  <tag k="maxspeed" v="50"/>
  <tag k="maxweight" v="19"/>
  <tag k="maxweightrating" v="19"/>
  <tag k="name" v="Avenue des Grouettes"/>
  <tag k="note" v="maxweight=* déprécié, utilisez maxweightrating=* à la place (https://forum.openstreetmap.fr/t/proposition-d-edition-automatisee-migration-de-maxweight-en-maxweightrating-pour-la-france/35439/71)"/>
  <tag k="oneway" v="yes"/>
  <tag k="sidewalk:left" v="no"/>
  <tag k="sidewalk:right" v="separate"/>
  <tag k="surface" v="asphalt"/>
 </way>
 <way id="25223769" visible="true" version="8" changeset="165156960" timestamp="2025-04-19T14:42:20Z" user="yargil" uid="157949">
  <nd ref="130040100"/>
  <nd ref="6779029331"/>
  <nd ref="275038415"/>
  <tag k="highway" v="residential"/>
  <tag k="lit" v="yes"/>
  <tag k="name" v="Allée de l'Isara"/>
  <tag k="surface" v="asphalt"/>
 </way>
 <way id="34791801" visible="true" version="17" changeset="144866899" timestamp="2023-12-07T13:13:57Z" user="Furdrien" uid="6696140">
  <nd ref="406809940"/>
  <nd ref="406809945"/>
  <nd ref="5679374004"/>
  <nd ref="5679374006"/>
  <nd ref="406809948"/>
  <nd ref="5679374005"/>
  <nd ref="5679374003"/>
  <nd ref="406809960"/>
  <tag k="cycleway:left" v="lane"/>
  <tag k="cycleway:left:width" v="1.5"/>
  <tag k="highway" v="residential"/>
  <tag k="lanes" v="1"/>
  <tag k="lit" v="yes"/>
  <tag k="maxspeed" v="30"/>
  <tag k="motor_vehicle" v="yes"/>
  <tag k="name" v="Rue des Paradis"/>
  <tag k="oneway" v="yes"/>
  <tag k="oneway:bicycle" v="no"/>
  <tag k="surface" v="asphalt"/>
 </way>
 <way id="34791802" visible="true" version="13" changeset="145263944" timestamp="2023-12-18T19:25:16Z" user="cat_mapping2" uid="9715697">
  <nd ref="406809960"/>
  <nd ref="6757882100"/>
  <nd ref="6779029309"/>
  <tag k="bicycle" v="designated"/>
  <tag k="check_date:surface" v="2023-09-26"/>
  <tag k="cycleway:surface" v="asphalt"/>
  <tag k="cycleway:width" v="1"/>
  <tag k="foot" v="designated"/>
  <tag k="footway:surface" v="asphalt"/>
  <tag k="highway" v="path"/>
  <tag k="lit" v="yes"/>
  <tag k="segregated" v="yes"/>
  <tag k="source" v="BDOrtho IGN"/>
  <tag k="surface" v="asphalt"/>
 </way>
 <way id="48420143" visible="true" version="7" changeset="142239392" timestamp="2023-10-06T15:56:26Z" user="cat_mapping2" uid="9715697">
  <nd ref="614976561"/>
  <nd ref="614976572"/>
  <nd ref="614976606"/>
  <nd ref="10251055374"/>
  <nd ref="10251055375"/>
  <nd ref="614976615"/>
  <nd ref="614976667"/>
  <nd ref="11243970911"/>
  <nd ref="614976561"/>
  <tag k="amenity" v="social_centre"/>
  <tag k="operator:type" v="government"/>
  <tag k="source" v="cadastre-dgi-fr source : Direction Générale des Impôts - Cadastre;mise à jour : 2010"/>
 </way>
 <way id="48420144" visible="true" version="2" changeset="174052995" timestamp="2025-11-01T09:46:11Z" user="Hervé TUC" uid="922338">
  <nd ref="614976573"/>
  <nd ref="614976577"/>
  <nd ref="614976665"/>
  <tag k="access" v="private"/>
  <tag k="highway" v="service"/>
  <tag k="service" v="parking_aisle"/>
 </way>
 <way id="48420155" visible="true" version="8" changeset="174052995" timestamp="2025-11-01T09:46:11Z" user="Hervé TUC" uid="922338">
  <nd ref="614976616"/>
  <nd ref="614976673"/>
  <nd ref="10169580427"/>
  <nd ref="614976666"/>
  <tag k="access" v="yes"/>
  <tag k="bicycle" v="yes"/>
  <tag k="highway" v="footway"/>
  <tag k="name" v="Chemin des Paradis"/>
  <tag k="smoothness" v="intermediate"/>
  <tag k="surface" v="compacted"/>
 </way>
 <way id="48420186" visible="true" version="2" changeset="174052995" timestamp="2025-11-01T09:46:11Z" user="Hervé TUC" uid="922338">
  <nd ref="614976682"/>
  <nd ref="614976699"/>
  <tag k="highway" v="service"/>
 </way>
 <way id="48420188" visible="true" version="5" changeset="174052995" timestamp="2025-11-01T09:46:11Z" user="Hervé TUC" uid="922338">
  <nd ref="614976665"/>
  <nd ref="12768616727"/>
  <nd ref="614976668"/>
  <nd ref="12768616726"/>
  <nd ref="614976664"/>
  <nd ref="10251055384"/>
  <nd ref="10251055383"/>
  <nd ref="614976663"/>
  <tag k="access" v="private"/>
  <tag k="highway" v="service"/>
  <tag k="service" v="parking_aisle"/>
  <tag k="surface" v="asphalt"/>
 </way>
 <way id="48420190" visible="true" version="5" changeset="174052995" timestamp="2025-11-01T09:46:11Z" user="Hervé TUC" uid="922338">
  <nd ref="614976666"/>
  <nd ref="10169580425"/>
  <nd ref="10169580424"/>
  <nd ref="614976669"/>
  <nd ref="10169580423"/>
  <nd ref="10169580422"/>
  <nd ref="614976674"/>
  <nd ref="10169580421"/>
  <nd ref="614976675"/>
  <nd ref="10169580420"/>
  <nd ref="10169580419"/>
  <nd ref="614976676"/>
  <nd ref="10169580418"/>
  <nd ref="10169580417"/>
  <nd ref="614976677"/>
  <nd ref="10169538716"/>
  <nd ref="10169538715"/>
  <nd ref="10169538714"/>
  <nd ref="10169538713"/>
  <nd ref="614976678"/>
  <tag k="access" v="private"/>
  <tag k="highway" v="residential"/>
  <tag k="lit" v="yes"/>
  <tag k="name" v="Allée de l'Isara"/>
 </way>
 <way id="48420192" visible="true" version="4" changeset="174052995" timestamp="2025-11-01T09:46:11Z" user="Hervé TUC" uid="922338">
  <nd ref="614976680"/>
  <nd ref="614976681"/>
  <tag k="highway" v="service"/>
  <tag k="lit" v="no"/>
  <tag k="segregated" v="no"/>
  <tag k="surface" v="asphalt"/>
 </way>
 <way id="48436786" visible="true" version="5" changeset="174052995" timestamp="2025-11-01T09:46:11Z" user="Hervé TUC" uid="922338">
  <nd ref="614976666"/>
  <nd ref="10169580426"/>
  <nd ref="275038415"/>
  <tag k="highway" v="residential"/>
  <tag k="lit" v="yes"/>
  <tag k="name" v="Chemin des Paradis"/>
  <tag k="surface" v="asphalt"/>
 </way>
 <way id="48436787" visible="true" version="4" changeset="174052995" timestamp="2025-11-01T09:46:11Z" user="Hervé TUC" uid="922338">
  <nd ref="275038415"/>
  <nd ref="614976668"/>
  <tag k="highway" v="service"/>
  <tag k="service" v="parking_aisle"/>
  <tag k="surface" v="asphalt"/>
 </way>
 <way id="99072244" visible="true" version="5" changeset="185124326" timestamp="2026-07-05T06:08:11Z" user="yargil" uid="157949">
  <nd ref="1146201906"/>
  <nd ref="12768616131"/>
  <nd ref="13989464225"/>
  <nd ref="1146201663"/>
  <nd ref="1146201514"/>
  <nd ref="9533532421"/>
  <nd ref="1146201832"/>
  <nd ref="9533532420"/>
  <nd ref="1146201434"/>
  <nd ref="9533532419"/>
  <nd ref="1146201756"/>
  <nd ref="9533532418"/>
  <nd ref="1146202129"/>
  <nd ref="9533532417"/>
  <nd ref="1146201428"/>
  <nd ref="9533530816"/>
  <nd ref="9533530815"/>
  <nd ref="1146201748"/>
  <nd ref="9533530814"/>
  <nd ref="1146202123"/>
  <nd ref="9533532422"/>
  <nd ref="1146201663"/>
  <tag k="access" v="private"/>
  <tag k="highway" v="service"/>
  <tag k="lit" v="yes"/>
  <tag k="surface" v="asphalt"/>
 </way>
 <way id="102969066" visible="true" version="2" changeset="9022397" timestamp="2011-08-15T00:38:36Z" user="PierenBot" uid="201149">
  <nd ref="1188984972"/>
  <nd ref="1189064336"/>
  <nd ref="1189012142"/>
  <nd ref="1188860273"/>
  <nd ref="1189061478"/>
  <nd ref="1188925665"/>
  <nd ref="1188984972"/>
  <tag k="building" v="yes"/>
  <tag k="source" v="cadastre-dgi-fr source : Direction Générale des Impôts - Cadastre. Mise à jour : 2011"/>
 </way>
 <way id="102969820" visible="true" version="2" changeset="9022408" timestamp="2011-08-15T00:40:43Z" user="PierenBot" uid="201149">
  <nd ref="1188910593"/>
  <nd ref="1188877134"/>
  <nd ref="1189091765"/>
  <nd ref="1188866258"/>
  <nd ref="1188910593"/>
  <tag k="building" v="yes"/>
  <tag k="source" v="cadastre-dgi-fr source : Direction Générale des Impôts - Cadastre. Mise à jour : 2011"/>
 </way>
 <way id="102969942" visible="true" version="2" changeset="9022408" timestamp="2011-08-15T00:41:02Z" user="PierenBot" uid="201149">
  <nd ref="1189033232"/>
  <nd ref="1188977128"/>
  <nd ref="1189087606"/>
  <nd ref="1188968833"/>
  <nd ref="1188908263"/>
  <nd ref="1189047161"/>
  <nd ref="1189033232"/>
  <tag k="building" v="yes"/>
  <tag k="source" v="cadastre-dgi-fr source : Direction Générale des Impôts - Cadastre. Mise à jour : 2011"/>
 </way>
 <way id="102970245" visible="true" version="2" changeset="9022408" timestamp="2011-08-15T00:41:40Z" user="PierenBot" uid="201149">
  <nd ref="1189076025"/>
  <nd ref="1188878968"/>
  <nd ref="1189097764"/>
  <nd ref="1189024448"/>
  <nd ref="1188952028"/>
  <nd ref="1188894997"/>
  <nd ref="1189029526"/>
  <nd ref="1189076025"/>
  <tag k="building" v="yes"/>
  <tag k="source" v="cadastre-dgi-fr source : Direction Générale des Impôts - Cadastre. Mise à jour : 2011"/>
 </way>
 <way id="102970458" visible="true" version="3" changeset="144298661" timestamp="2023-11-21T18:30:23Z" user="Aroche" uid="50179">
  <nd ref="1189018749"/>
  <nd ref="1188948099"/>
  <nd ref="1188891628"/>
  <nd ref="1189124673"/>
  <nd ref="1188967255"/>
  <nd ref="1188906024"/>
  <nd ref="1188863122"/>
  <nd ref="1189067974"/>
  <nd ref="1188983278"/>
  <nd ref="1188924337"/>
  <nd ref="1188875936"/>
  <nd ref="1189089453"/>
  <nd ref="1188940319"/>
  <nd ref="1188887386"/>
  <nd ref="1189114833"/>
  <nd ref="1189047947"/>
  <nd ref="1188900485"/>
  <nd ref="1188860421"/>
  <nd ref="1189061691"/>
  <nd ref="1189006417"/>
  <nd ref="1188868304"/>
  <nd ref="1189076749"/>
  <nd ref="1189029659"/>
  <nd ref="1188961441"/>
  <nd ref="1188904372"/>
  <nd ref="1188862431"/>
  <nd ref="1189066822"/>
  <nd ref="1189016472"/>
  <nd ref="1188872610"/>
  <nd ref="1189083542"/>
  <nd ref="1189031751"/>
  <nd ref="1188966325"/>
  <nd ref="1189108123"/>
  <nd ref="1189044492"/>
  <nd ref="1188977744"/>
  <nd ref="1188919266"/>
  <nd ref="1189056856"/>
  <nd ref="1188994740"/>
  <nd ref="1188933875"/>
  <nd ref="1188882395"/>
  <nd ref="1189074588"/>
  <nd ref="1189029077"/>
  <nd ref="1188960090"/>
  <nd ref="1188899545"/>
  <nd ref="1189038610"/>
  <nd ref="1188974267"/>
  <nd ref="1188912037"/>
  <nd ref="1188867730"/>
  <nd ref="1188986586"/>
  <nd ref="1188926641"/>
  <nd ref="1188878533"/>
  <nd ref="1189096178"/>
  <nd ref="1188946321"/>
  <nd ref="1188890285"/>
  <nd ref="1189018749"/>
  <tag k="building" v="apartments"/>
  <tag k="source" v="cadastre-dgi-fr source : Direction Générale des Impôts - Cadastre. Mise à jour : 2011"/>
 </way>
 <way id="102970784" visible="true" version="2" changeset="9022418" timestamp="2011-08-15T00:43:57Z" user="PierenBot" uid="201149">
  <nd ref="1188984345"/>
  <nd ref="1188861202"/>
  <nd ref="1189063293"/>
  <nd ref="1189010061"/>
  <nd ref="1188942289"/>
  <nd ref="1189079082"/>
  <nd ref="1189030515"/>
  <nd ref="1188963296"/>
  <nd ref="1188901783"/>
  <nd ref="1189041487"/>
  <nd ref="1188984345"/>
  <tag k="building" v="yes"/>
  <tag k="source" v="cadastre-dgi-fr source : Direction Générale des Impôts - Cadastre. Mise à jour : 2011"/>
 </way>
 <way id="102971021" visible="true" version="2" changeset="9022418" timestamp="2011-08-15T00:44:16Z" user="PierenBot" uid="201149">
  <nd ref="1188875772"/>
  <nd ref="1189034310"/>
  <nd ref="1188970981"/>
  <nd ref="1188889292"/>
  <nd ref="1188875772"/>
  <tag k="building" v="yes"/>
  <tag k="source" v="cadastre-dgi-fr source : Direction Générale des Impôts - Cadastre. Mise à jour : 2011"/>
  <tag k="wall" v="no"/>
 </way>
 <way id="102971037" visible="true" version="2" changeset="9022418" timestamp="2011-08-15T00:44:18Z" user="PierenBot" uid="201149">
  <nd ref="1188901990"/>
  <nd ref="1188861390"/>
  <nd ref="1189063625"/>
  <nd ref="1188916147"/>
  <nd ref="1188869624"/>
  <nd ref="1189079627"/>
  <nd ref="1189030722"/>
  <nd ref="1188901990"/>
  <tag k="building" v="yes"/>
  <tag k="source" v="cadastre-dgi-fr source : Direction Générale des Impôts - Cadastre. Mise à jour : 2011"/>
 </way>
 <way id="102971647" visible="true" version="2" changeset="9022429" timestamp="2011-08-15T00:46:14Z" user="PierenBot" uid="201149">
  <nd ref="1189112727"/>
  <nd ref="1189047154"/>
  <nd ref="1188899311"/>
  <nd ref="1188859574"/>
  <nd ref="1189112727"/>
  <tag k="building" v="yes"/>
  <tag k="source" v="cadastre-dgi-fr source : Direction Générale des Impôts - Cadastre. Mise à jour : 2011"/>
  <tag k="wall" v="no"/>
 </way>
 <way id="102971831" visible="true" version="2" changeset="9022429" timestamp="2011-08-15T00:46:26Z" user="PierenBot" uid="201149">
  <nd ref="1188927478"/>
  <nd ref="1189067673"/>
  <nd ref="1189018172"/>
  <nd ref="1188947462"/>
  <nd ref="1188891300"/>
  <nd ref="1189032128"/>
  <nd ref="1188967024"/>
  <nd ref="1188905617"/>
  <nd ref="1188927478"/>
  <tag k="building" v="yes"/>
  <tag k="source" v="cadastre-dgi-fr source : Direction Générale des Impôts - Cadastre. Mise à jour : 2011"/>
 </way>
 <way id="102972314" visible="true" version="2" changeset="9022429" timestamp="2011-08-15T00:46:51Z" user="PierenBot" uid="201149">
  <nd ref="1188882708"/>
  <nd ref="1189027673"/>
  <nd ref="1188954757"/>
  <nd ref="1188896583"/>
  <nd ref="1188858415"/>
  <nd ref="1188972070"/>
  <nd ref="1188882708"/>
  <tag k="building" v="yes"/>
  <tag k="source" v="cadastre-dgi-fr source : Direction Générale des Impôts - Cadastre. Mise à jour : 2011"/>
 </way>
 <way id="102973508" visible="true" version="2" changeset="9022439" timestamp="2011-08-15T00:48:49Z" user="PierenBot" uid="201149">
  <nd ref="1189021503"/>
  <nd ref="1188870246"/>
  <nd ref="1189080343"/>
  <nd ref="1188950022"/>
  <nd ref="1189021503"/>
  <tag k="building" v="yes"/>
  <tag k="source" v="cadastre-dgi-fr source : Direction Générale des Impôts - Cadastre. Mise à jour : 2011"/>
  <tag k="wall" v="no"/>
 </way>
 <way id="102973665" visible="true" version="2" changeset="9022439" timestamp="2011-08-15T00:49:09Z" user="PierenBot" uid="201149">
  <nd ref="1188913196"/>
  <nd ref="1189051253"/>
  <nd ref="1188987506"/>
  <nd ref="1188955913"/>
  <nd ref="1189028005"/>
  <nd ref="1188913196"/>
  <tag k="building" v="yes"/>
  <tag k="source" v="cadastre-dgi-fr source : Direction Générale des Impôts - Cadastre. Mise à jour : 2011"/>
 </way>
 <way id="102973790" visible="true" version="2" changeset="9022439" timestamp="2011-08-15T00:49:20Z" user="PierenBot" uid="201149">
  <nd ref="1188882287"/>
  <nd ref="1189071572"/>
  <nd ref="1188933400"/>
  <nd ref="1188911798"/>
  <nd ref="1189049854"/>
  <nd ref="1188882287"/>
  <tag k="building" v="yes"/>
  <tag k="source" v="cadastre-dgi-fr source : Direction Générale des Impôts - Cadastre. Mise à jour : 2011"/>
  <tag k="wall" v="no"/>
 </way>
 <way id="102973866" visible="true" version="2" changeset="9022449" timestamp="2011-08-15T00:51:51Z" user="PierenBot" uid="201149">
  <nd ref="1189089050"/>
  <nd ref="1188875772"/>
  <nd ref="1188889292"/>
  <nd ref="1189119074"/>
  <nd ref="1189049380"/>
  <nd ref="1188957810"/>
  <nd ref="1189028465"/>
  <nd ref="1189089050"/>
  <tag k="building" v="yes"/>
  <tag k="source" v="cadastre-dgi-fr source : Direction Générale des Impôts - Cadastre. Mise à jour : 2011"/>
 </way>
 <way id="102973879" visible="true" version="3" changeset="145008937" timestamp="2023-12-11T17:46:52Z" user="cat_mapping2" uid="9715697">
  <nd ref="1188900290"/>
  <nd ref="1188860299"/>
  <nd ref="1189061511"/>
  <nd ref="1188912733"/>
  <nd ref="1188868100"/>
  <nd ref="1189076171"/>
  <nd ref="1189029548"/>
  <nd ref="1188878987"/>
  <nd ref="1188900290"/>
  <tag k="building" v="detached"/>
  <tag k="source" v="cadastre-dgi-fr source : Direction Générale des Impôts - Cadastre. Mise à jour : 2011"/>
 </way>
 <way id="102974203" visible="true" version="2" changeset="9022449" timestamp="2011-08-15T00:52:37Z" user="PierenBot" uid="201149">
  <nd ref="1188888789"/>
  <nd ref="1188911011"/>
  <nd ref="1188972610"/>
  <nd ref="1189117981"/>
  <nd ref="1189049074"/>
  <nd ref="1188902381"/>
  <nd ref="1188861694"/>
  <nd ref="1188888789"/>
  <tag k="building" v="yes"/>
  <tag k="source" v="cadastre-dgi-fr source : Direction Générale des Impôts - Cadastre. Mise à jour : 2011"/>
 </way>
 <way id="102974580" visible="true" version="3" changeset="92297445" timestamp="2020-10-11T10:29:07Z" user="Aroche" uid="50179">
  <nd ref="1188966512"/>
  <nd ref="1189061646"/>
  <nd ref="1188924316"/>
  <nd ref="1188983204"/>
  <nd ref="1188934215"/>
  <nd ref="1189108506"/>
  <nd ref="1188966512"/>
  <tag k="building" v="yes"/>
  <tag k="source" v="cadastre-dgi-fr source : Direction Générale des Impôts - Cadastre. Mise à jour : 2011"/>
  <tag k="wall" v="no"/>
 </way>
 <way id="102975024" visible="true" version="4" changeset="92297445" timestamp="2020-10-11T10:29:07Z" user="Aroche" uid="50179">
  <nd ref="1188941818"/>
  <nd ref="1188910455"/>
  <nd ref="1188988121"/>
  <nd ref="1189030305"/>
  <nd ref="1189078577"/>
  <nd ref="1188941818"/>
  <tag k="building" v="yes"/>
  <tag k="source" v="cadastre-dgi-fr source : Direction Générale des Impôts - Cadastre. Mise à jour : 2011"/>
 </way>
 <way id="102975718" visible="true" version="2" changeset="9022460" timestamp="2011-08-15T00:55:02Z" user="PierenBot" uid="201149">
  <nd ref="1188862288"/>
  <nd ref="1189066340"/>
  <nd ref="1188980606"/>
  <nd ref="1188923171"/>
  <nd ref="1188875216"/>
  <nd ref="1189087589"/>
  <nd ref="1188862288"/>
  <tag k="building" v="yes"/>
  <tag k="source" v="cadastre-dgi-fr source : Direction Générale des Impôts - Cadastre. Mise à jour : 2011"/>
 </way>
 <way id="102976302" visible="true" version="2" changeset="9022460" timestamp="2011-08-15T00:55:57Z" user="PierenBot" uid="201149">
  <nd ref="1189064336"/>
  <nd ref="1188912698"/>
  <nd ref="1188868044"/>
  <nd ref="1188987259"/>
  <nd ref="1188927414"/>
  <nd ref="1189012142"/>
  <nd ref="1189064336"/>
  <tag k="building" v="yes"/>
  <tag k="source" v="cadastre-dgi-fr source : Direction Générale des Impôts - Cadastre. Mise à jour : 2011"/>
 </way>
 <way id="102976531" visible="true" version="2" changeset="9022460" timestamp="2011-08-15T00:56:19Z" user="PierenBot" uid="201149">
  <nd ref="1188924859"/>
  <nd ref="1188876729"/>
  <nd ref="1189090912"/>
  <nd ref="1189035518"/>
  <nd ref="1188887954"/>
  <nd ref="1189115895"/>
  <nd ref="1189048301"/>
  <nd ref="1188984138"/>
  <nd ref="1189112396"/>
  <nd ref="1189046961"/>
  <nd ref="1188980186"/>
  <nd ref="1188922617"/>
  <nd ref="1189060382"/>
  <nd ref="1189027999"/>
  <nd ref="1188882976"/>
  <nd ref="1189002082"/>
  <nd ref="1188938178"/>
  <nd ref="1188885430"/>
  <nd ref="1189028791"/>
  <nd ref="1188958995"/>
  <nd ref="1188898950"/>
  <nd ref="1188859476"/>
  <nd ref="1188973481"/>
  <nd ref="1188911650"/>
  <nd ref="1188867526"/>
  <nd ref="1189073909"/>
  <nd ref="1188988749"/>
  <nd ref="1188929489"/>
  <nd ref="1188880223"/>
  <nd ref="1189102053"/>
  <nd ref="1188924859"/>
  <tag k="building" v="yes"/>
  <tag k="source" v="cadastre-dgi-fr source : Direction Générale des Impôts - Cadastre. Mise à jour : 2011"/>
 </way>
 <way id="102977039" visible="true" version="2" changeset="9022467" timestamp="2011-08-15T00:58:00Z" user="PierenBot" uid="201149">
  <nd ref="1188875010"/>
  <nd ref="1188888347"/>
  <nd ref="1189116567"/>
  <nd ref="1189048594"/>
  <nd ref="1188875010"/>
  <tag k="building" v="yes"/>
  <tag k="source" v="cadastre-dgi-fr source : Direction Générale des Impôts - Cadastre. Mise à jour : 2011"/>
  <tag k="wall" v="no"/>
 </way>
 <way id="102977173" visible="true" version="2" changeset="9022467" timestamp="2011-08-15T00:58:18Z" user="PierenBot" uid="201149">
  <nd ref="1188895077"/>
  <nd ref="1188909313"/>
  <nd ref="1188865235"/>
  <nd ref="1189070959"/>
  <nd ref="1189024553"/>
  <nd ref="1188875772"/>
  <nd ref="1189089050"/>
  <nd ref="1188895077"/>
  <tag k="building" v="yes"/>
  <tag k="source" v="cadastre-dgi-fr source : Direction Générale des Impôts - Cadastre. Mise à jour : 2011"/>
 </way>
 <way id="102978155" visible="true" version="2" changeset="9022504" timestamp="2011-08-15T01:06:41Z" user="PierenBot" uid="201149">
  <nd ref="1188869330"/>
  <nd ref="1189057929"/>
  <nd ref="1188995914"/>
  <nd ref="1188934786"/>
  <nd ref="1188869330"/>
  <tag k="building" v="yes"/>
  <tag k="source" v="cadastre-dgi-fr source : Direction Générale des Impôts - Cadastre. Mise à jour : 2011"/>
  <tag k="wall" v="no"/>
 </way>
 <way id="102978883" visible="true" version="2" changeset="9022513" timestamp="2011-08-15T01:08:52Z" user="PierenBot" uid="201149">
  <nd ref="1189028005"/>
  <nd ref="1188955913"/>
  <nd ref="1188897056"/>
  <nd ref="1189098544"/>
  <nd ref="1189039836"/>
  <nd ref="1188978341"/>
  <nd ref="1189045486"/>
  <nd ref="1188974953"/>
  <nd ref="1189028005"/>
  <tag k="building" v="yes"/>
  <tag k="source" v="cadastre-dgi-fr source : Direction Générale des Impôts - Cadastre. Mise à jour : 2011"/>
 </way>
 <way id="102979014" visible="true" version="3" changeset="144872567" timestamp="2023-12-07T16:01:52Z" user="cat_mapping2" uid="9715697">
  <nd ref="1188959572"/>
  <nd ref="1188899315"/>
  <nd ref="1188859578"/>
  <nd ref="1189060626"/>
  <nd ref="1188976040"/>
  <nd ref="1188916159"/>
  <nd ref="1188869645"/>
  <nd ref="1188959572"/>
  <tag k="building" v="detached"/>
  <tag k="source" v="cadastre-dgi-fr source : Direction Générale des Impôts - Cadastre. Mise à jour : 2011"/>
 </way>
 <way id="102979031" visible="true" version="2" changeset="9022525" timestamp="2011-08-15T01:11:26Z" user="PierenBot" uid="201149">
  <nd ref="1188939928"/>
  <nd ref="1188887047"/>
  <nd ref="1189114397"/>
  <nd ref="1188960981"/>
  <nd ref="1188939928"/>
  <tag k="building" v="yes"/>
  <tag k="source" v="cadastre-dgi-fr source : Direction Générale des Impôts - Cadastre. Mise à jour : 2011"/>
  <tag k="wall" v="no"/>
 </way>
 <way id="102979140" visible="true" version="2" changeset="9022525" timestamp="2011-08-15T01:11:44Z" user="PierenBot" uid="201149">
  <nd ref="1189022187"/>
  <nd ref="1188950443"/>
  <nd ref="1188877248"/>
  <nd ref="1189092124"/>
  <nd ref="1189022187"/>
  <tag k="building" v="yes"/>
  <tag k="source" v="cadastre-dgi-fr source : Direction Générale des Impôts - Cadastre. Mise à jour : 2011"/>
  <tag k="wall" v="no"/>
 </way>
 <way id="102979302" visible="true" version="2" changeset="9022525" timestamp="2011-08-15T01:12:03Z" user="PierenBot" uid="201149">
  <nd ref="1189053964"/>
  <nd ref="1188866915"/>
  <nd ref="1188984972"/>
  <nd ref="1188925665"/>
  <nd ref="1188877549"/>
  <nd ref="1189092979"/>
  <nd ref="1188943618"/>
  <nd ref="1188990263"/>
  <nd ref="1189053964"/>
  <tag k="building" v="yes"/>
  <tag k="source" v="cadastre-dgi-fr source : Direction Générale des Impôts - Cadastre. Mise à jour : 2011"/>
 </way>
 <way id="102979519" visible="true" version="2" changeset="9022525" timestamp="2011-08-15T01:12:34Z" user="PierenBot" uid="201149">
  <nd ref="1188936275"/>
  <nd ref="1189072927"/>
  <nd ref="1189101899"/>
  <nd ref="1189085465"/>
  <nd ref="1189028124"/>
  <nd ref="1188956480"/>
  <nd ref="1188936275"/>
  <tag k="building" v="yes"/>
  <tag k="source" v="cadastre-dgi-fr source : Direction Générale des Impôts - Cadastre. Mise à jour : 2011"/>
 </way>
 <way id="102979983" visible="true" version="2" changeset="9022546" timestamp="2011-08-15T01:14:30Z" user="PierenBot" uid="201149">
  <nd ref="1188939935"/>
  <nd ref="1189005484"/>
  <nd ref="1189076190"/>
  <nd ref="1188991221"/>
  <nd ref="1188931189"/>
  <nd ref="1188881354"/>
  <nd ref="1189105546"/>
  <nd ref="1188939935"/>
  <tag k="building" v="yes"/>
  <tag k="source" v="cadastre-dgi-fr source : Direction Générale des Impôts - Cadastre. Mise à jour : 2011"/>
 </way>
 <way id="102980263" visible="true" version="2" changeset="9022546" timestamp="2011-08-15T01:15:11Z" user="PierenBot" uid="201149">
  <nd ref="1189005300"/>
  <nd ref="1188939828"/>
  <nd ref="1189076025"/>
  <nd ref="1189029526"/>
  <nd ref="1188960908"/>
  <nd ref="1188900232"/>
  <nd ref="1189039516"/>
  <nd ref="1188974767"/>
  <nd ref="1189005300"/>
  <tag k="building" v="yes"/>
  <tag k="source" v="cadastre-dgi-fr source : Direction Générale des Impôts - Cadastre. Mise à jour : 2011"/>
 </way>
 <way id="102980405" visible="true" version="2" changeset="9022546" timestamp="2011-08-15T01:15:29Z" user="PierenBot" uid="201149">
  <nd ref="1189008914"/>
  <nd ref="1188896125"/>
  <nd ref="1188858054"/>
  <nd ref="1188971797"/>
  <nd ref="1188910252"/>
  <nd ref="1188865907"/>
  <nd ref="1189071835"/>
  <nd ref="1189026863"/>
  <nd ref="1189100560"/>
  <nd ref="1188879808"/>
  <nd ref="1188929029"/>
  <nd ref="1188987853"/>
  <nd ref="1188868863"/>
  <nd ref="1188914448"/>
  <nd ref="1188975496"/>
  <nd ref="1189040746"/>
  <nd ref="1188901165"/>
  <nd ref="1188962656"/>
  <nd ref="1189030139"/>
  <nd ref="1189078330"/>
  <nd ref="1188941541"/>
  <nd ref="1189008914"/>
  <tag k="building" v="yes"/>
  <tag k="source" v="cadastre-dgi-fr source : Direction Générale des Impôts - Cadastre. Mise à jour : 2011"/>
  <tag k="wall" v="no"/>
 </way>
 <way id="102980763" visible="true" version="3" changeset="141772502" timestamp="2023-09-26T12:24:23Z" user="cat_mapping2" uid="9715697">
  <nd ref="1188875010"/>
  <nd ref="1189087180"/>
  <nd ref="1189033031"/>
  <nd ref="1188968551"/>
  <nd ref="1188888347"/>
  <nd ref="1188875010"/>
  <tag k="building" v="detached"/>
  <tag k="source" v="cadastre-dgi-fr source : Direction Générale des Impôts - Cadastre. Mise à jour : 2011"/>
 </way>
 <way id="102981178" visible="true" version="2" changeset="9022577" timestamp="2011-08-15T01:19:27Z" user="PierenBot" uid="201149">
  <nd ref="1189047543"/>
  <nd ref="1188951061"/>
  <nd ref="1188894415"/>
  <nd ref="1188981388"/>
  <nd ref="1189047543"/>
  <tag k="building" v="yes"/>
  <tag k="source" v="cadastre-dgi-fr source : Direction Générale des Impôts - Cadastre. Mise à jour : 2011"/>
  <tag k="wall" v="no"/>
 </way>
 <way id="102981459" visible="true" version="2" changeset="9022577" timestamp="2011-08-15T01:19:56Z" user="PierenBot" uid="201149">
  <nd ref="1188988631"/>
  <nd ref="1188929443"/>
  <nd ref="1189069689"/>
  <nd ref="1189021503"/>
  <nd ref="1188950022"/>
  <nd ref="1188893385"/>
  <nd ref="1189032981"/>
  <nd ref="1188988631"/>
  <tag k="building" v="yes"/>
  <tag k="source" v="cadastre-dgi-fr source : Direction Générale des Impôts - Cadastre. Mise à jour : 2011"/>
 </way>
 <way id="102981610" visible="true" version="2" changeset="9022577" timestamp="2011-08-15T01:20:06Z" user="PierenBot" uid="201149">
  <nd ref="1188977128"/>
  <nd ref="1188917736"/>
  <nd ref="1188964999"/>
  <nd ref="1189031147"/>
  <nd ref="1188871049"/>
  <nd ref="1189087606"/>
  <nd ref="1188977128"/>
  <tag k="building" v="yes"/>
  <tag k="source" v="cadastre-dgi-fr source : Direction Générale des Impôts - Cadastre. Mise à jour : 2011"/>
 </way>
 <way id="102982081" visible="true" version="2" changeset="9022577" timestamp="2011-08-15T01:20:37Z" user="PierenBot" uid="201149">
  <nd ref="1188984345"/>
  <nd ref="1188975901"/>
  <nd ref="1188915535"/>
  <nd ref="1188861202"/>
  <nd ref="1188984345"/>
  <tag k="building" v="yes"/>
  <tag k="source" v="cadastre-dgi-fr source : Direction Générale des Impôts - Cadastre. Mise à jour : 2011"/>
  <tag k="wall" v="no"/>
 </way>
 <way id="102982735" visible="true" version="2" changeset="9022597" timestamp="2011-08-15T01:22:48Z" user="PierenBot" uid="201149">
  <nd ref="1189110092"/>
  <nd ref="1189045486"/>
  <nd ref="1188978341"/>
  <nd ref="1188858728"/>
  <nd ref="1189058758"/>
  <nd ref="1188997594"/>
  <nd ref="1188935834"/>
  <nd ref="1189072720"/>
  <nd ref="1189110092"/>
  <tag k="building" v="yes"/>
  <tag k="source" v="cadastre-dgi-fr source : Direction Générale des Impôts - Cadastre. Mise à jour : 2011"/>
 </way>
 <way id="102982749" visible="true" version="2" changeset="9022597" timestamp="2011-08-15T01:22:51Z" user="PierenBot" uid="201149">
  <nd ref="1189077190"/>
  <nd ref="1188928342"/>
  <nd ref="1188879404"/>
  <nd ref="1189099072"/>
  <nd ref="1189077190"/>
  <tag k="building" v="yes"/>
  <tag k="source" v="cadastre-dgi-fr source : Direction Générale des Impôts - Cadastre. Mise à jour : 2011"/>
 </way>
 <way id="102982819" visible="true" version="2" changeset="9022597" timestamp="2011-08-15T01:22:59Z" user="PierenBot" uid="201149">
  <nd ref="1188882287"/>
  <nd ref="1189107658"/>
  <nd ref="1189044235"/>
  <nd ref="1188977471"/>
  <nd ref="1188857368"/>
  <nd ref="1189056334"/>
  <nd ref="1188993991"/>
  <nd ref="1188974824"/>
  <nd ref="1189031566"/>
  <nd ref="1189083040"/>
  <nd ref="1188933400"/>
  <nd ref="1189071572"/>
  <nd ref="1188882287"/>
  <tag k="building" v="yes"/>
  <tag k="source" v="cadastre-dgi-fr source : Direction Générale des Impôts - Cadastre. Mise à jour : 2011"/>
 </way>
 <way id="102982948" visible="true" version="2" changeset="9022597" timestamp="2011-08-15T01:23:10Z" user="PierenBot" uid="201149">
  <nd ref="1188938517"/>
  <nd ref="1188885725"/>
  <nd ref="1189112736"/>
  <nd ref="1188908263"/>
  <nd ref="1188968833"/>
  <nd ref="1188938517"/>
  <tag k="building" v="yes"/>
  <tag k="source" v="cadastre-dgi-fr source : Direction Générale des Impôts - Cadastre. Mise à jour : 2011"/>
 </way>
 <way id="102982973" visible="true" version="2" changeset="9022606" timestamp="2011-08-15T01:24:06Z" user="PierenBot" uid="201149">
  <nd ref="1188862855"/>
  <nd ref="1188978118"/>
  <nd ref="1188920416"/>
  <nd ref="1188873084"/>
  <nd ref="1189084778"/>
  <nd ref="1189005456"/>
  <nd ref="1188862855"/>
  <tag k="building" v="yes"/>
  <tag k="source" v="cadastre-dgi-fr source : Direction Générale des Impôts - Cadastre. Mise à jour : 2011"/>
 </way>
 <way id="102983304" visible="true" version="2" changeset="9022606" timestamp="2011-08-15T01:24:40Z" user="PierenBot" uid="201149">
  <nd ref="1188976704"/>
  <nd ref="1189042727"/>
  <nd ref="1189131290"/>
  <nd ref="1189036652"/>
  <nd ref="1188972610"/>
  <nd ref="1188911011"/>
  <nd ref="1188976704"/>
  <tag k="building" v="yes"/>
  <tag k="source" v="cadastre-dgi-fr source : Direction Générale des Impôts - Cadastre. Mise à jour : 2011"/>
 </way>
 <way id="102983458" visible="true" version="2" changeset="9022606" timestamp="2011-08-15T01:24:57Z" user="PierenBot" uid="201149">
  <nd ref="1188969338"/>
  <nd ref="1188908610"/>
  <nd ref="1188864812"/>
  <nd ref="1189070264"/>
  <nd ref="1189121490"/>
  <nd ref="1189051253"/>
  <nd ref="1188913196"/>
  <nd ref="1188969338"/>
  <tag k="building" v="yes"/>
  <tag k="source" v="cadastre-dgi-fr source : Direction Générale des Impôts - Cadastre. Mise à jour : 2011"/>
 </way>
 <way id="102984133" visible="true" version="9" changeset="141900746" timestamp="2023-09-29T08:22:39Z" user="cat_mapping2" uid="9715697">
  <nd ref="1188971355"/>
  <nd ref="1189034885"/>
  <nd ref="1188895462"/>
  <nd ref="1188952565"/>
  <nd ref="1189025461"/>
  <nd ref="1189071325"/>
  <nd ref="1188941818"/>
  <nd ref="1189078577"/>
  <nd ref="1189030305"/>
  <nd ref="1188988121"/>
  <nd ref="1188910455"/>
  <nd ref="1189072007"/>
  <nd ref="1188924959"/>
  <nd ref="1188876896"/>
  <nd ref="1189091242"/>
  <nd ref="1189035681"/>
  <nd ref="1188888093"/>
  <nd ref="1189048378"/>
  <nd ref="1188984224"/>
  <nd ref="1188904770"/>
  <nd ref="1188862570"/>
  <nd ref="1189016845"/>
  <nd ref="1188872809"/>
  <nd ref="1189083838"/>
  <nd ref="1189031889"/>
  <nd ref="1188966512"/>
  <nd ref="1189108506"/>
  <nd ref="1188934215"/>
  <nd ref="1188983204"/>
  <nd ref="1188924316"/>
  <nd ref="1189061646"/>
  <nd ref="1189006180"/>
  <nd ref="1188940256"/>
  <nd ref="1188887327"/>
  <nd ref="1189029627"/>
  <nd ref="1188961312"/>
  <nd ref="1188900451"/>
  <nd ref="1188860395"/>
  <nd ref="1188974932"/>
  <nd ref="1188913126"/>
  <nd ref="1188868271"/>
  <nd ref="1189076650"/>
  <nd ref="1188991940"/>
  <nd ref="1188931513"/>
  <nd ref="1188881617"/>
  <nd ref="1189106206"/>
  <nd ref="1188952368"/>
  <nd ref="1188895271"/>
  <nd ref="1189133206"/>
  <nd ref="1189055484"/>
  <nd ref="1188909496"/>
  <nd ref="1188865363"/>
  <nd ref="1189071115"/>
  <nd ref="1189024922"/>
  <nd ref="1188875884"/>
  <nd ref="1189089367"/>
  <nd ref="1189034568"/>
  <nd ref="1188971098"/>
  <nd ref="1188889626"/>
  <nd ref="1189119491"/>
  <nd ref="1189049533"/>
  <nd ref="1188985875"/>
  <nd ref="6260373998"/>
  <nd ref="1188862014"/>
  <nd ref="1189065382"/>
  <nd ref="1189014202"/>
  <nd ref="1188965352"/>
  <nd ref="1188917984"/>
  <nd ref="1189001063"/>
  <nd ref="1188958276"/>
  <nd ref="1188923484"/>
  <nd ref="1188859283"/>
  <nd ref="1188973152"/>
  <nd ref="1188867391"/>
  <nd ref="1188916581"/>
  <nd ref="1188869882"/>
  <nd ref="1189079950"/>
  <nd ref="1188864789"/>
  <nd ref="1189022722"/>
  <nd ref="1188950725"/>
  <nd ref="1188877326"/>
  <nd ref="1188971355"/>
  <tag k="amenity" v="social_centre"/>
  <tag k="building" v="yes"/>
  <tag k="building:colour" v="black"/>
  <tag k="check_date" v="2023-09-18"/>
  <tag k="description" v="Pépinière d'entreprises"/>
  <tag k="name" v="La Turbine"/>
  <tag k="note" v="Ancien bâtiment ISTOM et IPSL - reconverti en pépinière d'entreprises depuis 2019"/>
  <tag k="source" v="cadastre-dgi-fr source : Direction Générale des Impôts - Cadastre. Mise à jour : 2011"/>
 </way>
 <way id="102984258" visible="true" version="2" changeset="9022615" timestamp="2011-08-15T01:27:07Z" user="PierenBot" uid="201149">
  <nd ref="1188901990"/>
  <nd ref="1189030722"/>
  <nd ref="1189079627"/>
  <nd ref="1188996675"/>
  <nd ref="1188901990"/>
  <tag k="building" v="yes"/>
  <tag k="source" v="cadastre-dgi-fr source : Direction Générale des Impôts - Cadastre. Mise à jour : 2011"/>
  <tag k="wall" v="no"/>
 </way>
 <way id="102984461" visible="true" version="2" changeset="9022615" timestamp="2011-08-15T01:27:42Z" user="PierenBot" uid="201149">
  <nd ref="1189047543"/>
  <nd ref="1188981388"/>
  <nd ref="1188859896"/>
  <nd ref="1188875404"/>
  <nd ref="1189033641"/>
  <nd ref="1189113385"/>
  <nd ref="1188886275"/>
  <nd ref="1189061025"/>
  <nd ref="1189003862"/>
  <nd ref="1188939007"/>
  <nd ref="1189047543"/>
  <tag k="building" v="yes"/>
  <tag k="source" v="cadastre-dgi-fr source : Direction Générale des Impôts - Cadastre. Mise à jour : 2011"/>
 </way>
 <way id="102984640" visible="true" version="5" changeset="142341572" timestamp="2023-10-09T10:04:08Z" user="cat_mapping2" uid="9715697">
  <nd ref="1188973077"/>
  <nd ref="1188911398"/>
  <nd ref="1188867287"/>
  <nd ref="6757876628"/>
  <nd ref="1189073424"/>
  <nd ref="1188925915"/>
  <nd ref="1188877947"/>
  <nd ref="1189094177"/>
  <nd ref="1189037364"/>
  <nd ref="1188949479"/>
  <nd ref="1188892721"/>
  <nd ref="1189126405"/>
  <nd ref="1189052224"/>
  <nd ref="1188907218"/>
  <nd ref="1188863807"/>
  <nd ref="1189069207"/>
  <nd ref="1189020468"/>
  <nd ref="1188873798"/>
  <nd ref="1189086374"/>
  <nd ref="1189032603"/>
  <nd ref="1188968039"/>
  <nd ref="1189111544"/>
  <nd ref="1189046461"/>
  <nd ref="1188979252"/>
  <nd ref="1188921931"/>
  <nd ref="1188860878"/>
  <nd ref="1189062633"/>
  <nd ref="1189008914"/>
  <nd ref="1188941541"/>
  <nd ref="1189078330"/>
  <nd ref="1189030139"/>
  <nd ref="1188962656"/>
  <nd ref="1188901165"/>
  <nd ref="1189040746"/>
  <nd ref="1188975496"/>
  <nd ref="1188914448"/>
  <nd ref="1188868863"/>
  <nd ref="1188987853"/>
  <nd ref="1188929029"/>
  <nd ref="1188879808"/>
  <nd ref="1189100560"/>
  <nd ref="1189026863"/>
  <nd ref="1188953297"/>
  <nd ref="1188973077"/>
  <tag k="building" v="office"/>
  <tag k="building:colour" v="#cccccc"/>
  <tag k="source" v="cadastre-dgi-fr source : Direction Générale des Impôts - Cadastre. Mise à jour : 2011"/>
 </way>
 <way id="102985094" visible="true" version="3" changeset="145008937" timestamp="2023-12-11T17:46:52Z" user="cat_mapping2" uid="9715697">
  <nd ref="1188950083"/>
  <nd ref="1188893440"/>
  <nd ref="1189129206"/>
  <nd ref="1189053005"/>
  <nd ref="1188907875"/>
  <nd ref="1188864435"/>
  <nd ref="1189069732"/>
  <nd ref="1189021619"/>
  <nd ref="1188950083"/>
  <tag k="building" v="detached"/>
  <tag k="source" v="cadastre-dgi-fr source : Direction Générale des Impôts - Cadastre. Mise à jour : 2011"/>
 </way>
 <way id="102985264" visible="true" version="2" changeset="9022620" timestamp="2011-08-15T01:30:13Z" user="PierenBot" uid="201149">
  <nd ref="1188895077"/>
  <nd ref="1188881354"/>
  <nd ref="1188931189"/>
  <nd ref="1189132728"/>
  <nd ref="1189055123"/>
  <nd ref="1188909313"/>
  <nd ref="1188895077"/>
  <tag k="building" v="yes"/>
  <tag k="source" v="cadastre-dgi-fr source : Direction Générale des Impôts - Cadastre. Mise à jour : 2011"/>
 </way>
 <way id="102985705" visible="true" version="2" changeset="9022630" timestamp="2011-08-15T01:31:53Z" user="PierenBot" uid="201149">
  <nd ref="1188929443"/>
  <nd ref="1188916932"/>
  <nd ref="1189053964"/>
  <nd ref="1188990263"/>
  <nd ref="1188930315"/>
  <nd ref="1188880672"/>
  <nd ref="1189023315"/>
  <nd ref="1189069689"/>
  <nd ref="1188929443"/>
  <tag k="building" v="yes"/>
  <tag k="source" v="cadastre-dgi-fr source : Direction Générale des Impôts - Cadastre. Mise à jour : 2011"/>
 </way>
 <way id="102986258" visible="true" version="2" changeset="9022630" timestamp="2011-08-15T01:32:32Z" user="PierenBot" uid="201149">
  <nd ref="1189031147"/>
  <nd ref="1188964999"/>
  <nd ref="1188902971"/>
  <nd ref="1189043540"/>
  <nd ref="1189031147"/>
  <tag k="building" v="yes"/>
  <tag k="source" v="cadastre-dgi-fr source : Direction Générale des Impôts - Cadastre. Mise à jour : 2011"/>
  <tag k="wall" v="no"/>
 </way>
 <way id="102987907" visible="true" version="2" changeset="9022644" timestamp="2011-08-15T01:35:28Z" user="PierenBot" uid="201149">
  <nd ref="1188882708"/>
  <nd ref="1189035951"/>
  <nd ref="1188975049"/>
  <nd ref="1188913613"/>
  <nd ref="1188868418"/>
  <nd ref="1189027673"/>
  <nd ref="1188882708"/>
  <tag k="building" v="yes"/>
  <tag k="source" v="cadastre-dgi-fr source : Direction Générale des Impôts - Cadastre. Mise à jour : 2011"/>
 </way>
 <way id="102988120" visible="true" version="2" changeset="9022644" timestamp="2011-08-15T01:35:40Z" user="PierenBot" uid="201149">
  <nd ref="1188974824"/>
  <nd ref="1188918806"/>
  <nd ref="1188872199"/>
  <nd ref="1189083040"/>
  <nd ref="1189031566"/>
  <nd ref="1188974824"/>
  <tag k="building" v="yes"/>
  <tag k="source" v="cadastre-dgi-fr source : Direction Générale des Impôts - Cadastre. Mise à jour : 2011"/>
  <tag k="wall" v="no"/>
 </way>
 <way id="102988314" visible="true" version="2" changeset="9022644" timestamp="2011-08-15T01:35:52Z" user="PierenBot" uid="201149">
  <nd ref="1188980621"/>
  <nd ref="1188923190"/>
  <nd ref="1188875220"/>
  <nd ref="1189002855"/>
  <nd ref="1188980621"/>
  <tag k="building" v="yes"/>
  <tag k="source" v="cadastre-dgi-fr source : Direction Générale des Impôts - Cadastre. Mise à jour : 2011"/>
 </way>
 <way id="102988667" visible="true" version="2" changeset="9022649" timestamp="2011-08-15T01:37:11Z" user="PierenBot" uid="201149">
  <nd ref="1188959572"/>
  <nd ref="1188869645"/>
  <nd ref="1188916159"/>
  <nd ref="1189130087"/>
  <nd ref="1188959572"/>
  <tag k="building" v="yes"/>
  <tag k="source" v="cadastre-dgi-fr source : Direction Générale des Impôts - Cadastre. Mise à jour : 2011"/>
  <tag k="wall" v="no"/>
 </way>
 <way id="102988918" visible="true" version="2" changeset="9022649" timestamp="2011-08-15T01:37:29Z" user="PierenBot" uid="201149">
  <nd ref="1189132616"/>
  <nd ref="1188970922"/>
  <nd ref="1188909251"/>
  <nd ref="1188865206"/>
  <nd ref="1189024448"/>
  <nd ref="1189097764"/>
  <nd ref="1189132616"/>
  <tag k="building" v="yes"/>
  <tag k="source" v="cadastre-dgi-fr source : Direction Générale des Impôts - Cadastre. Mise à jour : 2011"/>
 </way>
 <way id="102989139" visible="true" version="2" changeset="9022649" timestamp="2011-08-15T01:37:48Z" user="PierenBot" uid="201149">
  <nd ref="1189051253"/>
  <nd ref="1189121490"/>
  <nd ref="1189050083"/>
  <nd ref="1188928028"/>
  <nd ref="1189051253"/>
  <tag k="building" v="yes"/>
  <tag k="source" v="cadastre-dgi-fr source : Direction Générale des Impôts - Cadastre. Mise à jour : 2011"/>
  <tag k="wall" v="no"/>
 </way>
 <way id="102990204" visible="true" version="2" changeset="9022664" timestamp="2011-08-15T01:39:56Z" user="PierenBot" uid="201149">
  <nd ref="1188924238"/>
  <nd ref="1189061515"/>
  <nd ref="1189005484"/>
  <nd ref="1188939935"/>
  <nd ref="1188887054"/>
  <nd ref="1189029552"/>
  <nd ref="1188960987"/>
  <nd ref="1188924238"/>
  <tag k="building" v="yes"/>
  <tag k="source" v="cadastre-dgi-fr source : Direction Générale des Impôts - Cadastre. Mise à jour : 2011"/>
 </way>
 <way id="102990242" visible="true" version="2" changeset="9022664" timestamp="2011-08-15T01:39:59Z" user="PierenBot" uid="201149">
  <nd ref="1188935192"/>
  <nd ref="1188882838"/>
  <nd ref="1189109539"/>
  <nd ref="1189045216"/>
  <nd ref="1188896814"/>
  <nd ref="1188858546"/>
  <nd ref="1189058430"/>
  <nd ref="1188935192"/>
  <tag k="building" v="yes"/>
  <tag k="source" v="cadastre-dgi-fr source : Direction Générale des Impôts - Cadastre. Mise à jour : 2011"/>
 </way>
 <way id="102990518" visible="true" version="2" changeset="9022664" timestamp="2011-08-15T01:40:15Z" user="PierenBot" uid="201149">
  <nd ref="1189022187"/>
  <nd ref="1189092124"/>
  <nd ref="1189036179"/>
  <nd ref="1188972272"/>
  <nd ref="1189022187"/>
  <tag k="building" v="yes"/>
  <tag k="source" v="cadastre-dgi-fr source : Direction Générale des Impôts - Cadastre. Mise à jour : 2011"/>
 </way>
 <way id="102991331" visible="true" version="2" changeset="9022664" timestamp="2011-08-15T01:40:53Z" user="PierenBot" uid="201149">
  <nd ref="1189028465"/>
  <nd ref="1188957810"/>
  <nd ref="1188898321"/>
  <nd ref="1188859112"/>
  <nd ref="1189028465"/>
  <tag k="building" v="yes"/>
  <tag k="source" v="cadastre-dgi-fr source : Direction Générale des Impôts - Cadastre. Mise à jour : 2011"/>
 </way>
 <way id="102992192" visible="true" version="2" changeset="9022685" timestamp="2011-08-15T01:43:04Z" user="PierenBot" uid="201149">
  <nd ref="1188910593"/>
  <nd ref="1188866258"/>
  <nd ref="1189072256"/>
  <nd ref="1188925078"/>
  <nd ref="1188910593"/>
  <tag k="building" v="yes"/>
  <tag k="source" v="cadastre-dgi-fr source : Direction Générale des Impôts - Cadastre. Mise à jour : 2011"/>
  <tag k="wall" v="no"/>
 </way>
 <way id="102992376" visible="true" version="2" changeset="9022685" timestamp="2011-08-15T01:43:13Z" user="PierenBot" uid="201149">
  <nd ref="1189070920"/>
  <nd ref="1188924215"/>
  <nd ref="1189072720"/>
  <nd ref="1188935834"/>
  <nd ref="1188875749"/>
  <nd ref="1189088991"/>
  <nd ref="1189034230"/>
  <nd ref="1189070920"/>
  <tag k="building" v="yes"/>
  <tag k="source" v="cadastre-dgi-fr source : Direction Générale des Impôts - Cadastre. Mise à jour : 2011"/>
 </way>
 <way id="102992993" visible="true" version="2" changeset="9022719" timestamp="2011-08-15T01:45:52Z" user="PierenBot" uid="201149">
  <nd ref="1188981388"/>
  <nd ref="1189030909"/>
  <nd ref="1188964146"/>
  <nd ref="1189103955"/>
  <nd ref="1189042727"/>
  <nd ref="1188976704"/>
  <nd ref="1188859896"/>
  <nd ref="1188981388"/>
  <tag k="building" v="yes"/>
  <tag k="source" v="cadastre-dgi-fr source : Direction Générale des Impôts - Cadastre. Mise à jour : 2011"/>
 </way>
 <way id="102993217" visible="true" version="2" changeset="9022719" timestamp="2011-08-15T01:46:10Z" user="PierenBot" uid="201149">
  <nd ref="1189051253"/>
  <nd ref="1188928028"/>
  <nd ref="1188879153"/>
  <nd ref="1188987506"/>
  <nd ref="1189051253"/>
  <tag k="building" v="yes"/>
  <tag k="source" v="cadastre-dgi-fr source : Direction Générale des Impôts - Cadastre. Mise à jour : 2011"/>
  <tag k="wall" v="no"/>
 </way>
 <way id="176037451" visible="true" version="16" changeset="142367694" timestamp="2023-10-09T21:48:43Z" user="Kalepom" uid="392288">
  <nd ref="221138675"/>
  <nd ref="2874099075"/>
  <nd ref="2343027562"/>
  <nd ref="11251911356"/>
  <nd ref="2343027560"/>
  <nd ref="2343027563"/>
  <nd ref="2874099072"/>
  <nd ref="614976578"/>
  <nd ref="2874099078"/>
  <nd ref="2343027566"/>
  <nd ref="5012489694"/>
  <nd ref="9533530793"/>
  <nd ref="2874099073"/>
  <nd ref="9533530779"/>
  <nd ref="130040101"/>
  <tag k="admin_level" v="10"/>
  <tag k="boundary" v="administrative"/>
  <tag k="cycleway:both" v="no"/>
  <tag k="highway" v="tertiary"/>
  <tag k="lanes" v="2"/>
  <tag k="lit" v="yes"/>
  <tag k="maxspeed" v="50"/>
  <tag k="name" v="Boulevard du Port"/>
  <tag k="parking:both" v="separate"/>
  <tag k="sidewalk:both" v="separate"/>
  <tag k="smoothness" v="good"/>
  <tag k="surface" v="asphalt"/>
 </way>
 <way id="176041131" visible="true" version="10" changeset="142311124" timestamp="2023-10-08T15:59:18Z" user="cat_mapping2" uid="9715697">
  <nd ref="221138761"/>
  <nd ref="4979712944"/>
  <nd ref="4979712928"/>
  <tag k="highway" v="tertiary"/>
  <tag k="lanes" v="2"/>
  <tag k="lit" v="yes"/>
  <tag k="maxspeed" v="50"/>
  <tag k="name" v="Boulevard du Port"/>
  <tag k="oneway" v="yes"/>
  <tag k="sidewalk" v="separate"/>
  <tag k="surface" v="asphalt"/>
 </way>
 <way id="225531416" visible="true" version="2" changeset="141408907" timestamp="2023-09-18T06:58:37Z" user="cat_mapping2" uid="9715697">
  <nd ref="2343027556"/>
  <nd ref="2343027557"/>
  <nd ref="2343027558"/>
  <nd ref="2343027559"/>
  <nd ref="2343027556"/>
  <tag k="amenity" v="parking"/>
  <tag k="fee" v="no"/>
  <tag k="parking" v="street_side"/>
 </way>
 <way id="365891440" visible="true" version="7" changeset="142443239" timestamp="2023-10-11T16:03:44Z" user="cat_mapping2" uid="9715697">
  <nd ref="221138796"/>
  <nd ref="4979712949"/>
  <nd ref="4979712931"/>
  <nd ref="4979712935"/>
  <nd ref="274292777"/>
  <tag k="cycleway:right" v="no"/>
  <tag k="destination" v="Port Cergy;ISTOM"/>
  <tag k="highway" v="tertiary"/>
  <tag k="lanes" v="1"/>
  <tag k="lit" v="yes"/>
  <tag k="maxspeed" v="50"/>
  <tag k="name" v="Boulevard du Port"/>
  <tag k="oneway" v="yes"/>
  <tag k="sidewalk:left" v="no"/>
  <tag k="sidewalk:right" v="separate"/>
  <tag k="surface" v="asphalt"/>
 </way>
 <way id="365891441" visible="true" version="7" changeset="163869368" timestamp="2025-03-20T15:54:56Z" user="cat_mapping2" uid="9715697">
  <nd ref="4979712928"/>
  <nd ref="4979712939"/>
  <tag k="cycleway:right" v="no"/>
  <tag k="highway" v="tertiary"/>
  <tag k="lanes" v="2"/>
  <tag k="lit" v="yes"/>
  <tag k="maxspeed" v="50"/>
  <tag k="name" v="Boulevard du Port"/>
  <tag k="oneway" v="yes"/>
  <tag k="sidewalk:left" v="no"/>
  <tag k="sidewalk:right" v="separate"/>
  <tag k="surface" v="asphalt"/>
 </way>
 <way id="499979254" visible="true" version="6" changeset="141910141" timestamp="2023-09-29T12:27:10Z" user="cat_mapping2" uid="9715697">
  <nd ref="130040100"/>
  <nd ref="9533530786"/>
  <nd ref="4911512183"/>
  <tag k="highway" v="residential"/>
  <tag k="lit" v="yes"/>
  <tag k="maxspeed:type" v="FR:urban"/>
  <tag k="name" v="Allée de l'Isara"/>
  <tag k="sidewalk:both" v="separate"/>
  <tag k="smoothness" v="excellent"/>
  <tag k="surface" v="asphalt"/>
 </way>
 <way id="508703461" visible="true" version="5" changeset="178018563" timestamp="2026-02-02T18:08:48Z" user="Penegal" uid="2815659">
  <nd ref="9533532443"/>
  <nd ref="9533532473"/>
  <nd ref="9533532436"/>
  <nd ref="9533532472"/>
  <nd ref="9533532471"/>
  <nd ref="9533532470"/>
  <nd ref="5012443618"/>
  <nd ref="9533532469"/>
  <nd ref="9533532468"/>
  <nd ref="9533532467"/>
  <nd ref="9533532466"/>
  <nd ref="9533532465"/>
  <nd ref="9533532464"/>
  <nd ref="9533532463"/>
  <nd ref="9533532462"/>
  <nd ref="221138763"/>
  <tag k="highway" v="primary"/>
  <tag k="lanes" v="1"/>
  <tag k="lit" v="yes"/>
  <tag k="maxspeed" v="50"/>
  <tag k="maxweight" v="19"/>
  <tag k="maxweightrating" v="19"/>
  <tag k="name" v="Avenue des Grouettes"/>
  <tag k="note" v="maxweight=* déprécié, utilisez maxweightrating=* à la place (https://forum.openstreetmap.fr/t/proposition-d-edition-automatisee-migration-de-maxweight-en-maxweightrating-pour-la-france/35439/71)"/>
  <tag k="oneway" v="yes"/>
  <tag k="sidewalk:left" v="no"/>
  <tag k="sidewalk:right" v="separate"/>
  <tag k="surface" v="asphalt"/>
 </way>
 <way id="508703465" visible="true" version="14" changeset="167788224" timestamp="2025-06-18T15:42:07Z" user="yargil" uid="157949">
  <nd ref="4979605967"/>
  <nd ref="4979605970"/>
  <nd ref="4979605966"/>
  <nd ref="9533532495"/>
  <nd ref="9533532491"/>
  <nd ref="9533532497"/>
  <nd ref="9533532498"/>
  <nd ref="9533532489"/>
  <nd ref="9533532500"/>
  <nd ref="9533532502"/>
  <nd ref="9533532503"/>
  <nd ref="9533532505"/>
  <nd ref="9533532515"/>
  <nd ref="4979712943"/>
  <nd ref="4979712935"/>
  <nd ref="1520767567"/>
  <nd ref="221551482"/>
  <nd ref="221551516"/>
  <nd ref="221551496"/>
  <nd ref="6184107289"/>
  <nd ref="11473371955"/>
  <nd ref="12923526348"/>
  <nd ref="1147993813"/>
  <nd ref="1535565615"/>
  <nd ref="274292783"/>
  <nd ref="2788391929"/>
  <nd ref="7660822236"/>
  <nd ref="7660822237"/>
  <nd ref="274292784"/>
  <nd ref="7660822238"/>
  <nd ref="274292785"/>
  <nd ref="534644563"/>
  <nd ref="274292788"/>
  <tag k="description" v="Ancienne Ligne de chemin de fer de La Compagnie des chemins de fer de Grande Banlieue (CGB) qui reliai Pontoise à Poissy par Carrières-sous-Poissy en Tramway"/>
  <tag k="electrified" v="no"/>
  <tag k="end_date" v="1939"/>
  <tag k="gauge" v="1435"/>
  <tag k="layer" v="1"/>
  <tag k="railway" v="abandoned"/>
  <tag k="start_date" v="1912"/>
  <tag k="wikipedia" v="en:Compagnie des Chemins de Fer de Grande Banlieue"/>
 </way>
 <way id="508715506" visible="true" version="4" changeset="178018563" timestamp="2026-02-02T18:08:48Z" user="Penegal" uid="2815659">
  <nd ref="4979712932"/>
  <nd ref="9533532504"/>
  <tag k="highway" v="primary"/>
  <tag k="lanes" v="1"/>
  <tag k="lit" v="yes"/>
  <tag k="maxspeed" v="50"/>
  <tag k="maxweight" v="19"/>
  <tag k="maxweightrating" v="19"/>
  <tag k="name" v="Avenue des Grouettes"/>
  <tag k="note" v="maxweight=* déprécié, utilisez maxweightrating=* à la place (https://forum.openstreetmap.fr/t/proposition-d-edition-automatisee-migration-de-maxweight-en-maxweightrating-pour-la-france/35439/71)"/>
  <tag k="oneway" v="yes"/>
  <tag k="sidewalk:left" v="no"/>
  <tag k="sidewalk:right" v="separate"/>
  <tag k="surface" v="asphalt"/>
 </way>
 <way id="508715508" visible="true" version="4" changeset="178018563" timestamp="2026-02-02T18:08:48Z" user="Penegal" uid="2815659">
  <nd ref="221138763"/>
  <nd ref="4979712933"/>
  <nd ref="4979712934"/>
  <nd ref="4274488842"/>
  <nd ref="6757876681"/>
  <nd ref="4979712941"/>
  <nd ref="4979712939"/>
  <tag k="highway" v="primary"/>
  <tag k="lanes" v="1"/>
  <tag k="lit" v="yes"/>
  <tag k="maxspeed" v="50"/>
  <tag k="maxweight" v="19"/>
  <tag k="maxweightrating" v="19"/>
  <tag k="name" v="Avenue des Grouettes"/>
  <tag k="note" v="maxweight=* déprécié, utilisez maxweightrating=* à la place (https://forum.openstreetmap.fr/t/proposition-d-edition-automatisee-migration-de-maxweight-en-maxweightrating-pour-la-france/35439/71)"/>
  <tag k="oneway" v="yes"/>
  <tag k="surface" v="asphalt"/>
 </way>
 <way id="508715510" visible="true" version="4" changeset="178018563" timestamp="2026-02-02T18:08:48Z" user="Penegal" uid="2815659">
  <nd ref="4979712928"/>
  <nd ref="9533532511"/>
  <nd ref="4979712937"/>
  <nd ref="4979712936"/>
  <nd ref="6757876682"/>
  <nd ref="4979712927"/>
  <nd ref="4979712932"/>
  <tag k="highway" v="primary"/>
  <tag k="lanes" v="1"/>
  <tag k="lit" v="yes"/>
  <tag k="maxspeed" v="50"/>
  <tag k="maxweight" v="19"/>
  <tag k="maxweightrating" v="19"/>
  <tag k="name" v="Avenue des Grouettes"/>
  <tag k="note" v="maxweight=* déprécié, utilisez maxweightrating=* à la place (https://forum.openstreetmap.fr/t/proposition-d-edition-automatisee-migration-de-maxweight-en-maxweightrating-pour-la-france/35439/71)"/>
  <tag k="oneway" v="yes"/>
  <tag k="surface" v="asphalt"/>
 </way>
 <way id="508715512" visible="true" version="3" changeset="146360787" timestamp="2024-01-17T11:55:37Z" user="cat_mapping2" uid="9715697">
  <nd ref="4979712940"/>
  <nd ref="4979712943"/>
  <nd ref="9533532508"/>
  <nd ref="4979712942"/>
  <nd ref="9533532507"/>
  <nd ref="9533532506"/>
  <nd ref="274292777"/>
  <tag k="highway" v="tertiary"/>
  <tag k="lanes" v="1"/>
  <tag k="lit" v="yes"/>
  <tag k="maxspeed" v="50"/>
  <tag k="name" v="Avenue des Grouettes"/>
  <tag k="oneway" v="yes"/>
  <tag k="surface" v="asphalt"/>
 </way>
 <way id="508715513" visible="true" version="5" changeset="142342177" timestamp="2023-10-09T10:03:03Z" user="cat_mapping2" uid="9715697">
  <nd ref="4979712939"/>
  <nd ref="221138793"/>
  <nd ref="130040099"/>
  <tag k="highway" v="primary"/>
  <tag k="lanes" v="2"/>
  <tag k="lit" v="yes"/>
  <tag k="maxspeed" v="50"/>
  <tag k="name" v="Boulevard du Port"/>
  <tag k="oneway" v="yes"/>
  <tag k="parking:left" v="no"/>
  <tag k="parking:right" v="lane"/>
  <tag k="parking:right:orientation" v="parallel"/>
  <tag k="sidewalk:left" v="no"/>
  <tag k="sidewalk:right" v="separate"/>
  <tag k="surface" v="asphalt"/>
 </way>
 <way id="508715516" visible="true" version="5" changeset="146360788" timestamp="2024-01-17T11:55:37Z" user="cat_mapping2" uid="9715697">
  <nd ref="4979712940"/>
  <nd ref="9533532512"/>
  <nd ref="9533532513"/>
  <nd ref="4979712928"/>
  <tag k="highway" v="primary"/>
  <tag k="lanes" v="1"/>
  <tag k="lit" v="yes"/>
  <tag k="maxspeed" v="50"/>
  <tag k="name" v="Boulevard du Port"/>
  <tag k="oneway" v="yes"/>
  <tag k="sidewalk" v="separate"/>
  <tag k="surface" v="asphalt"/>
 </way>
 <way id="508715517" visible="true" version="1" changeset="50407267" timestamp="2017-07-19T14:16:40Z" user="ika-chan!" uid="4763179">
  <nd ref="4979712946"/>
  <nd ref="4979712947"/>
  <nd ref="4979712948"/>
  <nd ref="130040099"/>
  <tag k="highway" v="service"/>
 </way>
 <way id="508715519" visible="true" version="3" changeset="144296199" timestamp="2023-11-21T17:05:06Z" user="cat_mapping2" uid="9715697">
  <nd ref="130040099"/>
  <nd ref="221138670"/>
  <tag k="highway" v="service"/>
  <tag k="lit" v="yes"/>
  <tag k="surface" v="asphalt"/>
 </way>
 <way id="508715520" visible="true" version="9" changeset="144296199" timestamp="2023-11-21T17:05:04Z" user="cat_mapping2" uid="9715697">
  <nd ref="130040099"/>
  <nd ref="2343024461"/>
  <tag k="cycleway:right" v="no"/>
  <tag k="highway" v="primary"/>
  <tag k="lanes" v="2"/>
  <tag k="lit" v="yes"/>
  <tag k="name" v="Boulevard du Port"/>
  <tag k="oneway" v="yes"/>
  <tag k="parking:left" v="no"/>
  <tag k="parking:right" v="lane"/>
  <tag k="parking:right:orientation" v="parallel"/>
  <tag k="sidewalk:left" v="no"/>
  <tag k="sidewalk:right" v="separate"/>
  <tag k="surface" v="asphalt"/>
 </way>
 <way id="660514474" visible="true" version="6" changeset="144296199" timestamp="2023-11-21T17:05:06Z" user="cat_mapping2" uid="9715697">
  <nd ref="221138741"/>
  <nd ref="2343024460"/>
  <tag k="cycleway:right" v="no"/>
  <tag k="highway" v="primary"/>
  <tag k="indoor:level" v="*"/>
  <tag k="lanes" v="2"/>
  <tag k="lit" v="yes"/>
  <tag k="name" v="Boulevard du Port"/>
  <tag k="oneway" v="yes"/>
  <tag k="sidewalk:left" v="no"/>
  <tag k="sidewalk:right" v="separate"/>
  <tag k="surface" v="asphalt"/>
 </way>
 <way id="660514476" visible="true" version="7" changeset="144296199" timestamp="2023-11-21T17:05:03Z" user="cat_mapping2" uid="9715697">
  <nd ref="2343024460"/>
  <nd ref="221138670"/>
  <nd ref="221138796"/>
  <tag k="cycleway:right" v="no"/>
  <tag k="highway" v="primary"/>
  <tag k="lanes" v="2"/>
  <tag k="lit" v="yes"/>
  <tag k="name" v="Boulevard du Port"/>
  <tag k="oneway" v="yes"/>
  <tag k="sidewalk:left" v="no"/>
  <tag k="sidewalk:right" v="separate"/>
  <tag k="surface" v="asphalt"/>
 </way>
 <way id="660514477" visible="true" version="3" changeset="141772553" timestamp="2023-09-26T12:25:30Z" user="cat_mapping2" uid="9715697">
  <nd ref="2343024460"/>
  <nd ref="2343024461"/>
  <tag k="crossing" v="marked"/>
  <tag k="footway" v="crossing"/>
  <tag k="highway" v="footway"/>
  <tag k="lit" v="yes"/>
  <tag k="surface" v="asphalt"/>
 </way>
 <way id="660514479" visible="true" version="11" changeset="144872603" timestamp="2023-12-07T16:03:16Z" user="cat_mapping2" uid="9715697">
  <nd ref="6184107291"/>
  <nd ref="11400836594"/>
  <nd ref="11240756964"/>
  <nd ref="406809955"/>
  <tag k="cycleway:both" v="no"/>
  <tag k="cycleway:left" v="lane"/>
  <tag k="cycleway:left:width" v="1.5"/>
  <tag k="highway" v="residential"/>
  <tag k="lanes" v="1"/>
  <tag k="lit" v="yes"/>
  <tag k="maxspeed" v="30"/>
  <tag k="motor_vehicle" v="yes"/>
  <tag k="name" v="Rue des Paradis"/>
  <tag k="oneway" v="yes"/>
  <tag k="oneway:bicycle" v="no"/>
  <tag k="sidewalk" v="both"/>
  <tag k="smoothness" v="good"/>
  <tag k="surface" v="asphalt"/>
 </way>
 <way id="663873025" visible="true" version="2" changeset="144298728" timestamp="2023-11-21T18:33:19Z" user="Aroche" uid="50179">
  <nd ref="6213872610"/>
  <nd ref="6213872611"/>
  <tag k="leaf_type" v="broadleaved"/>
  <tag k="natural" v="tree_row"/>
 </way>
 <way id="663873027" visible="true" version="1" changeset="66369455" timestamp="2019-01-16T16:46:59Z" user="Furdrien" uid="6696140">
  <nd ref="6213872612"/>
  <nd ref="6213872613"/>
  <tag k="natural" v="tree_row"/>
 </way>
 <way id="663873029" visible="true" version="1" changeset="66369455" timestamp="2019-01-16T16:46:59Z" user="Furdrien" uid="6696140">
  <nd ref="6213872614"/>
  <nd ref="6213872615"/>
  <tag k="natural" v="tree_row"/>
 </way>
 <way id="685923936" visible="true" version="8" changeset="186576316" timestamp="2026-07-29T10:42:34Z" user="Byenin" uid="20432726">
  <nd ref="221138675"/>
  <nd ref="14058443514"/>
  <nd ref="9533530786"/>
  <nd ref="9533530787"/>
  <nd ref="406809967"/>
  <nd ref="6757882095"/>
  <nd ref="9533530788"/>
  <tag k="cycleway:both" v="no"/>
  <tag k="highway" v="tertiary"/>
  <tag k="lanes" v="1"/>
  <tag k="lit" v="yes"/>
  <tag k="maxspeed" v="50"/>
  <tag k="name" v="Boulevard du Port"/>
  <tag k="oneway" v="yes"/>
  <tag k="sidewalk:left" v="no"/>
  <tag k="sidewalk:right" v="separate"/>
  <tag k="surface" v="asphalt"/>
 </way>
 <way id="685923941" visible="true" version="15" changeset="144872604" timestamp="2023-12-07T16:02:51Z" user="cat_mapping2" uid="9715697">
  <nd ref="406809960"/>
  <nd ref="6757882098"/>
  <nd ref="614976680"/>
  <nd ref="406809952"/>
  <nd ref="11258324972"/>
  <nd ref="11400836597"/>
  <nd ref="11400836596"/>
  <nd ref="6184107291"/>
  <tag k="cycleway:left" v="lane"/>
  <tag k="cycleway:left:lane" v="exclusive"/>
  <tag k="cycleway:left:oneway" v="-1"/>
  <tag k="cycleway:left:width" v="1.5"/>
  <tag k="cycleway:right" v="no"/>
  <tag k="highway" v="residential"/>
  <tag k="lanes" v="1"/>
  <tag k="lit" v="yes"/>
  <tag k="maxspeed" v="30"/>
  <tag k="motor_vehicle" v="yes"/>
  <tag k="name" v="Rue des Paradis"/>
  <tag k="oneway" v="yes"/>
  <tag k="oneway:bicycle" v="no"/>
  <tag k="sidewalk" v="no"/>
  <tag k="smoothness" v="good"/>
  <tag k="surface" v="asphalt"/>
  <tag k="width" v="2.7"/>
 </way>
 <way id="720013391" visible="true" version="2" changeset="142663881" timestamp="2023-10-16T12:31:55Z" user="cat_mapping2" uid="9715697">
  <nd ref="6757876628"/>
  <nd ref="6757876629"/>
  <nd ref="1188973077"/>
  <nd ref="1188911398"/>
  <nd ref="1188867287"/>
  <nd ref="6757876628"/>
  <tag k="area" v="yes"/>
  <tag k="highway" v="pedestrian"/>
  <tag k="surface" v="concrete"/>
 </way>
 <way id="720013392" visible="true" version="2" changeset="145198514" timestamp="2023-12-16T21:50:19Z" user="Furdrien" uid="6696140">
  <nd ref="1188973077"/>
  <nd ref="6757876630"/>
  <nd ref="6757876631"/>
  <nd ref="6757876632"/>
  <nd ref="6757876633"/>
  <nd ref="6757876634"/>
  <nd ref="6757876635"/>
  <nd ref="6757876636"/>
  <nd ref="221346263"/>
  <nd ref="4274488845"/>
  <nd ref="11423623031"/>
  <nd ref="11423623032"/>
  <nd ref="1189030817"/>
  <nd ref="1188963860"/>
  <nd ref="1188943296"/>
  <nd ref="6757876638"/>
  <nd ref="1189086374"/>
  <nd ref="1188873798"/>
  <nd ref="1189020468"/>
  <nd ref="1189069207"/>
  <nd ref="1188863807"/>
  <nd ref="1188907218"/>
  <nd ref="1189037364"/>
  <nd ref="1189094177"/>
  <nd ref="1188877947"/>
  <nd ref="1188925915"/>
  <nd ref="1189073424"/>
  <nd ref="6757876628"/>
  <nd ref="6757876629"/>
  <nd ref="1188973077"/>
  <tag k="landuse" v="grass"/>
 </way>
 <way id="720013393" visible="true" version="6" changeset="159451176" timestamp="2024-11-22T09:59:23Z" user="Furdrien" uid="6696140">
  <nd ref="6757876631"/>
  <nd ref="6757876639"/>
  <nd ref="6757876640"/>
  <nd ref="6757876641"/>
  <nd ref="6757876642"/>
  <nd ref="6757876643"/>
  <nd ref="6757876644"/>
  <nd ref="6757876645"/>
  <nd ref="6757876646"/>
  <nd ref="6757876661"/>
  <nd ref="6757876670"/>
  <nd ref="6757876647"/>
  <nd ref="8583942674"/>
  <nd ref="8583942675"/>
  <nd ref="6757876648"/>
  <nd ref="7529782420"/>
  <nd ref="614976683"/>
  <nd ref="6757876649"/>
  <nd ref="6757876654"/>
  <nd ref="6757876653"/>
  <nd ref="6757876652"/>
  <nd ref="6757876651"/>
  <nd ref="12364577582"/>
  <nd ref="6757876650"/>
  <nd ref="6757876636"/>
  <nd ref="6757876635"/>
  <nd ref="6757876634"/>
  <nd ref="6757876633"/>
  <nd ref="6757876632"/>
  <nd ref="6757876631"/>
  <tag k="area" v="yes"/>
  <tag k="highway" v="pedestrian"/>
  <tag k="lit" v="yes"/>
  <tag k="surface" v="concrete"/>
 </way>
 <way id="720013394" visible="true" version="1" changeset="73897524" timestamp="2019-08-29T19:55:30Z" user="Furdrien" uid="6696140">
  <nd ref="6757876639"/>
  <nd ref="6757876655"/>
  <nd ref="6757876656"/>
  <nd ref="6757876657"/>
  <nd ref="6757876658"/>
  <nd ref="6757876659"/>
  <nd ref="6757876660"/>
  <nd ref="6757876661"/>
  <nd ref="6757876646"/>
  <nd ref="6757876645"/>
  <nd ref="6757876644"/>
  <nd ref="6757876643"/>
  <nd ref="6757876642"/>
  <nd ref="6757876641"/>
  <nd ref="6757876640"/>
  <nd ref="6757876639"/>
  <tag k="landuse" v="grass"/>
 </way>
 <way id="720013395" visible="true" version="3" changeset="145263751" timestamp="2023-12-18T19:22:45Z" user="cat_mapping2" uid="9715697">
  <nd ref="6757876630"/>
  <nd ref="6757876662"/>
  <nd ref="6757876663"/>
  <nd ref="6757876664"/>
  <nd ref="6757876665"/>
  <nd ref="6757876666"/>
  <nd ref="6757876667"/>
  <nd ref="6757876668"/>
  <nd ref="6757876669"/>
  <nd ref="6757876647"/>
  <nd ref="6757876670"/>
  <nd ref="6757876661"/>
  <nd ref="6757876660"/>
  <nd ref="6757876659"/>
  <nd ref="6757876658"/>
  <nd ref="6757876657"/>
  <nd ref="6757876656"/>
  <nd ref="6757876655"/>
  <nd ref="6757876639"/>
  <nd ref="6757876631"/>
  <nd ref="6757876630"/>
  <tag k="area" v="yes"/>
  <tag k="highway" v="pedestrian"/>
  <tag k="lit" v="yes"/>
  <tag k="surface" v="asphalt"/>
 </way>
 <way id="720013396" visible="true" version="2" changeset="145263751" timestamp="2023-12-18T19:23:41Z" user="cat_mapping2" uid="9715697">
  <nd ref="6757876670"/>
  <nd ref="6757876680"/>
  <nd ref="6757876671"/>
  <tag k="highway" v="pedestrian"/>
  <tag k="lit" v="yes"/>
 </way>
 <way id="720013397" visible="true" version="4" changeset="131300613" timestamp="2023-01-15T14:35:29Z" user="Furdrien" uid="6696140">
  <nd ref="4274488842"/>
  <nd ref="4979712927"/>
  <nd ref="4274488836"/>
  <tag k="bicycle" v="designated"/>
  <tag k="crossing" v="marked"/>
  <tag k="footway" v="crossing"/>
  <tag k="highway" v="footway"/>
  <tag k="lit" v="yes"/>
  <tag k="segregated" v="yes"/>
  <tag k="source" v="BDOrtho IGN"/>
  <tag k="surface" v="asphalt"/>
 </way>
 <way id="720013398" visible="true" version="5" changeset="142315242" timestamp="2023-10-08T17:58:59Z" user="cat_mapping2" uid="9715697">
  <nd ref="4274488836"/>
  <nd ref="6757876672"/>
  <nd ref="6757876673"/>
  <nd ref="9533530785"/>
  <nd ref="6757876674"/>
  <nd ref="9533530784"/>
  <nd ref="6757876675"/>
  <nd ref="6757876676"/>
  <nd ref="6757876677"/>
  <nd ref="6757876678"/>
  <nd ref="9533530783"/>
  <nd ref="6757876679"/>
  <nd ref="9533530782"/>
  <tag k="bicycle" v="designated"/>
  <tag k="check_date:footway:surface" v="2023-10-08"/>
  <tag k="check_date:surface" v="2023-10-08"/>
  <tag k="cycleway:surface" v="asphalt"/>
  <tag k="footway" v="sidewalk"/>
  <tag k="footway:surface" v="asphalt"/>
  <tag k="highway" v="footway"/>
  <tag k="lit" v="yes"/>
  <tag k="segregated" v="yes"/>
  <tag k="surface" v="asphalt"/>
 </way>
 <way id="722678807" visible="true" version="5" changeset="144872569" timestamp="2023-12-07T16:01:52Z" user="cat_mapping2" uid="9715697">
  <nd ref="6779029303"/>
  <nd ref="6779029313"/>
  <nd ref="6779029304"/>
  <nd ref="11258324971"/>
  <nd ref="6779029305"/>
  <nd ref="6779029306"/>
  <nd ref="6779029307"/>
  <nd ref="6779029308"/>
  <nd ref="6779029309"/>
  <nd ref="6779029310"/>
  <nd ref="6779029333"/>
  <nd ref="6779029311"/>
  <nd ref="6779029312"/>
  <tag k="footway" v="sidewalk"/>
  <tag k="highway" v="footway"/>
  <tag k="lit" v="yes"/>
  <tag k="name" v="Boulevard du Port"/>
  <tag k="smoothness" v="good"/>
  <tag k="surface" v="asphalt"/>
 </way>
 <way id="722678808" visible="true" version="3" changeset="144296243" timestamp="2023-11-21T17:05:07Z" user="cat_mapping2" uid="9715697">
  <nd ref="2343024460"/>
  <nd ref="6779029313"/>
  <tag k="crossing" v="marked"/>
  <tag k="footway" v="crossing"/>
  <tag k="highway" v="footway"/>
  <tag k="lit" v="yes"/>
  <tag k="surface" v="asphalt"/>
 </way>
 <way id="722678821" visible="true" version="4" changeset="141910136" timestamp="2023-09-29T12:27:08Z" user="cat_mapping2" uid="9715697">
  <nd ref="6779029333"/>
  <nd ref="2874099075"/>
  <nd ref="9533530781"/>
  <nd ref="6779029334"/>
  <tag k="crossing" v="marked"/>
  <tag k="footway" v="crossing"/>
  <tag k="highway" v="footway"/>
  <tag k="lit" v="yes"/>
  <tag k="smoothness" v="excellent"/>
  <tag k="surface" v="asphalt"/>
 </way>
 <way id="722678824" visible="true" version="3" changeset="141758092" timestamp="2023-09-26T06:23:22Z" user="cat_mapping2" uid="9715697">
  <nd ref="6757876662"/>
  <nd ref="6779029339"/>
  <nd ref="6779029340"/>
  <nd ref="6779029341"/>
  <tag k="bicycle" v="no"/>
  <tag k="foot" v="designated"/>
  <tag k="footway" v="sidewalk"/>
  <tag k="highway" v="footway"/>
  <tag k="lit" v="yes"/>
  <tag k="name" v="Boulevard du Port"/>
  <tag k="surface" v="asphalt"/>
 </way>
 <way id="722678825" visible="true" version="4" changeset="141910238" timestamp="2023-09-29T12:29:26Z" user="cat_mapping2" uid="9715697">
  <nd ref="6779029341"/>
  <nd ref="4979712948"/>
  <nd ref="6779029342"/>
  <tag k="crossing" v="marked"/>
  <tag k="footway" v="crossing"/>
  <tag k="highway" v="footway"/>
  <tag k="lit" v="yes"/>
  <tag k="smoothness" v="excellent"/>
  <tag k="surface" v="asphalt"/>
 </way>
 <way id="722678826" visible="true" version="5" changeset="142181405" timestamp="2023-10-05T09:49:27Z" user="cat_mapping2" uid="9715697">
  <nd ref="6779029342"/>
  <nd ref="6779029343"/>
  <nd ref="6779029344"/>
  <nd ref="6779029345"/>
  <nd ref="10092627698"/>
  <nd ref="6779029346"/>
  <nd ref="6779029347"/>
  <nd ref="6779029348"/>
  <tag k="bicycle" v="no"/>
  <tag k="foot" v="designated"/>
  <tag k="footway" v="sidewalk"/>
  <tag k="highway" v="footway"/>
  <tag k="lit" v="yes"/>
  <tag k="motor_vehicle" v="no"/>
  <tag k="name" v="Boulevard du Port"/>
  <tag k="smoothness" v="good"/>
  <tag k="surface" v="asphalt"/>
 </way>
 <way id="805037779" visible="true" version="5" changeset="185124326" timestamp="2026-07-05T06:08:11Z" user="yargil" uid="157949">
  <nd ref="12768616734"/>
  <nd ref="13989464226"/>
  <nd ref="13989436389"/>
  <nd ref="13989436390"/>
  <nd ref="13989436391"/>
  <nd ref="12768616733"/>
  <nd ref="12768616732"/>
  <nd ref="12768616731"/>
  <nd ref="7529782407"/>
  <nd ref="7529782408"/>
  <nd ref="7529782409"/>
  <nd ref="7529782410"/>
  <nd ref="7529782411"/>
  <nd ref="7529782412"/>
  <nd ref="9533530802"/>
  <nd ref="7529782413"/>
  <nd ref="7529782414"/>
  <nd ref="7529782415"/>
  <nd ref="7529782416"/>
  <nd ref="10169538703"/>
  <nd ref="7529782417"/>
  <nd ref="7529782418"/>
  <nd ref="7529782419"/>
  <nd ref="7529782420"/>
  <nd ref="6757876671"/>
  <tag k="footway" v="sidewalk"/>
  <tag k="highway" v="footway"/>
  <tag k="lit" v="yes"/>
 </way>
 <way id="805037780" visible="true" version="8" changeset="165156960" timestamp="2025-04-19T14:42:20Z" user="yargil" uid="157949">
  <nd ref="6757876672"/>
  <nd ref="7529782421"/>
  <nd ref="7529782422"/>
  <nd ref="7529782423"/>
  <nd ref="7529782424"/>
  <nd ref="7529782425"/>
  <nd ref="7529782426"/>
  <nd ref="10169538702"/>
  <nd ref="7529782427"/>
  <nd ref="9533530803"/>
  <nd ref="7529782428"/>
  <nd ref="7529782429"/>
  <nd ref="9533530801"/>
  <nd ref="7529782430"/>
  <nd ref="12768616729"/>
  <tag k="footway" v="sidewalk"/>
  <tag k="highway" v="footway"/>
  <tag k="lit" v="yes"/>
  <tag k="source" v="BDOrtho IGN"/>
 </way>
 <way id="1034931238" visible="true" version="6" changeset="145263806" timestamp="2023-12-18T19:25:16Z" user="cat_mapping2" uid="9715697">
  <nd ref="9533530788"/>
  <nd ref="221138761"/>
  <tag k="cycleway:both" v="no"/>
  <tag k="highway" v="tertiary"/>
  <tag k="lanes" v="3"/>
  <tag k="lit" v="yes"/>
  <tag k="maxspeed" v="50"/>
  <tag k="name" v="Boulevard du Port"/>
  <tag k="oneway" v="yes"/>
  <tag k="sidewalk:left" v="no"/>
  <tag k="sidewalk:right" v="separate"/>
  <tag k="smoothness" v="good"/>
  <tag k="surface" v="asphalt"/>
  <tag k="turn:lanes" v="through|through|right"/>
 </way>
 <way id="1034931239" visible="true" version="6" changeset="186576316" timestamp="2026-07-29T10:42:34Z" user="Byenin" uid="20432726">
  <nd ref="274292777"/>
  <nd ref="5012489695"/>
  <nd ref="9533530790"/>
  <nd ref="11251911355"/>
  <nd ref="9533530789"/>
  <nd ref="6757882096"/>
  <nd ref="406809963"/>
  <nd ref="4911512183"/>
  <nd ref="14058443515"/>
  <nd ref="221138675"/>
  <tag k="cycleway:right" v="no"/>
  <tag k="highway" v="tertiary"/>
  <tag k="lanes" v="1"/>
  <tag k="lit" v="yes"/>
  <tag k="maxspeed" v="50"/>
  <tag k="name" v="Boulevard du Port"/>
  <tag k="oneway" v="yes"/>
  <tag k="sidewalk:left" v="no"/>
  <tag k="sidewalk:right" v="separate"/>
  <tag k="surface" v="asphalt"/>
 </way>
 <way id="1034931244" visible="true" version="4" changeset="142311124" timestamp="2023-10-08T15:59:18Z" user="cat_mapping2" uid="9715697">
  <nd ref="4979712939"/>
  <nd ref="9533532510"/>
  <nd ref="9533532509"/>
  <nd ref="4979712940"/>
  <tag k="highway" v="tertiary"/>
  <tag k="lit" v="yes"/>
  <tag k="maxspeed" v="50"/>
  <tag k="name" v="Avenue des Grouettes"/>
  <tag k="oneway" v="yes"/>
  <tag k="sidewalk" v="separate"/>
  <tag k="surface" v="asphalt"/>
 </way>
 <way id="1039037788" visible="true" version="3" changeset="178018563" timestamp="2026-02-02T18:08:52Z" user="Penegal" uid="2815659">
  <nd ref="9533532504"/>
  <nd ref="9533532483"/>
  <nd ref="1864425161"/>
  <nd ref="9533532501"/>
  <nd ref="9533532441"/>
  <nd ref="9533532485"/>
  <nd ref="9533532484"/>
  <nd ref="221138769"/>
  <nd ref="9533532442"/>
  <tag k="highway" v="primary"/>
  <tag k="lanes" v="1"/>
  <tag k="lit" v="yes"/>
  <tag k="maxspeed" v="50"/>
  <tag k="maxweight" v="19"/>
  <tag k="maxweightrating" v="19"/>
  <tag k="name" v="Avenue des Grouettes"/>
  <tag k="note" v="maxweight=* déprécié, utilisez maxweightrating=* à la place (https://forum.openstreetmap.fr/t/proposition-d-edition-automatisee-migration-de-maxweight-en-maxweightrating-pour-la-france/35439/71)"/>
  <tag k="oneway" v="yes"/>
  <tag k="sidewalk:left" v="no"/>
  <tag k="sidewalk:right" v="separate"/>
  <tag k="surface" v="asphalt"/>
 </way>
 <way id="1078494632" visible="true" version="1" changeset="123607750" timestamp="2022-07-14T12:24:19Z" user="Furdrien" uid="6696140">
  <nd ref="221138741"/>
  <nd ref="9887282018"/>
  <nd ref="9887282017"/>
  <nd ref="9887254016"/>
  <nd ref="221138675"/>
  <tag k="admin_level" v="10"/>
  <tag k="boundary" v="administrative"/>
 </way>
 <way id="1090776131" visible="true" version="4" changeset="145263944" timestamp="2023-12-18T19:25:16Z" user="cat_mapping2" uid="9715697">
  <nd ref="9533530782"/>
  <nd ref="406809967"/>
  <nd ref="406809963"/>
  <nd ref="6779029309"/>
  <tag k="bicycle" v="designated"/>
  <tag k="check_date:surface" v="2023-10-08"/>
  <tag k="cycleway:surface" v="asphalt"/>
  <tag k="cycleway:width" v="1"/>
  <tag k="footway" v="crossing"/>
  <tag k="footway:surface" v="asphalt"/>
  <tag k="highway" v="footway"/>
  <tag k="lit" v="yes"/>
  <tag k="segregated" v="yes"/>
  <tag k="source" v="BDOrtho IGN"/>
  <tag k="surface" v="asphalt"/>
 </way>
 <way id="1208870687" visible="true" version="3" changeset="165156960" timestamp="2025-04-19T14:42:20Z" user="yargil" uid="157949">
  <nd ref="6779029335"/>
  <nd ref="6779029334"/>
  <nd ref="12768616724"/>
  <tag k="foot" v="designated"/>
  <tag k="footway" v="sidewalk"/>
  <tag k="highway" v="footway"/>
  <tag k="lit" v="yes"/>
  <tag k="name" v="Boulevard du Port"/>
  <tag k="surface" v="asphalt"/>
 </way>
 <way id="1211772443" visible="true" version="1" changeset="141902327" timestamp="2023-09-29T09:09:22Z" user="cat_mapping2" uid="9715697">
  <nd ref="11226532400"/>
  <nd ref="11226532401"/>
  <nd ref="11226532402"/>
  <nd ref="11226532403"/>
  <nd ref="11226532404"/>
  <nd ref="11226532405"/>
  <nd ref="11226532406"/>
  <nd ref="11226532407"/>
  <nd ref="11226532408"/>
  <nd ref="11226532409"/>
  <nd ref="11226532410"/>
  <nd ref="11226532411"/>
  <nd ref="11226532412"/>
  <nd ref="11226532413"/>
  <nd ref="11226532414"/>
  <nd ref="11226532415"/>
  <nd ref="11226532416"/>
  <nd ref="11226532417"/>
  <nd ref="11226532400"/>
  <tag k="check_date" v="2023-09-29"/>
  <tag k="landuse" v="grass"/>
  <tag k="mapillary" v="1732108833914270"/>
  <tag k="source" v="survey;aerial imagery"/>
 </way>
 <way id="1211772444" visible="true" version="1" changeset="141902327" timestamp="2023-09-29T09:09:22Z" user="cat_mapping2" uid="9715697">
  <nd ref="11226532418"/>
  <nd ref="11226532419"/>
  <nd ref="11226532420"/>
  <nd ref="11226532421"/>
  <nd ref="11226532422"/>
  <nd ref="11226532423"/>
  <nd ref="11226532424"/>
  <nd ref="11226532425"/>
  <nd ref="11226532418"/>
  <tag k="landuse" v="grass"/>
  <tag k="mapillary" v="732226758917724"/>
  <tag k="source" v="aerial imagery;streetlevel imagery;survey"/>
 </way>
 <way id="1215147416" visible="true" version="3" changeset="144872602" timestamp="2023-12-07T16:02:50Z" user="cat_mapping2" uid="9715697">
  <nd ref="11258324971"/>
  <nd ref="11258324972"/>
  <tag k="access" v="yes"/>
  <tag k="handrail" v="yes"/>
  <tag k="highway" v="steps"/>
  <tag k="incline" v="down"/>
  <tag k="lit" v="yes"/>
  <tag k="mapillary" v="142638734502470"/>
  <tag k="ramp" v="no"/>
  <tag k="step_count" v="6"/>
  <tag k="surface" v="concrete"/>
  <tag k="tactile_paving" v="no"/>
  <tag k="wheelchair" v="no"/>
 </way>
 <way id="1230449214" visible="true" version="4" changeset="159451176" timestamp="2024-11-22T09:59:23Z" user="Furdrien" uid="6696140">
  <nd ref="614976679"/>
  <nd ref="11410908435"/>
  <nd ref="11410908434"/>
  <nd ref="11410908433"/>
  <nd ref="614976683"/>
  <nd ref="6757876649"/>
  <nd ref="6757876654"/>
  <nd ref="6757876653"/>
  <nd ref="6757876652"/>
 </way>
 <way id="1230680693" visible="true" version="1" changeset="145049554" timestamp="2023-12-12T18:43:09Z" user="Furdrien" uid="6696140">
  <nd ref="305379558"/>
  <nd ref="221346269"/>
  <nd ref="614976679"/>
 </way>
 <way id="1230680694" visible="true" version="2" changeset="145198514" timestamp="2023-12-16T21:50:19Z" user="Furdrien" uid="6696140">
  <nd ref="11423623114"/>
  <nd ref="11413246762"/>
  <nd ref="11413246761"/>
  <nd ref="11413246760"/>
  <nd ref="11413246759"/>
  <nd ref="11413246758"/>
  <nd ref="11413246757"/>
  <nd ref="11413246756"/>
  <nd ref="11413246755"/>
  <nd ref="11413246754"/>
  <nd ref="11413246753"/>
  <nd ref="614976679"/>
 </way>
 <way id="1231763002" visible="true" version="1" changeset="145198514" timestamp="2023-12-16T21:50:19Z" user="Furdrien" uid="6696140">
  <nd ref="1188968039"/>
  <nd ref="11423623030"/>
  <nd ref="11423623029"/>
  <nd ref="11423623028"/>
  <nd ref="11423623027"/>
  <nd ref="11423623026"/>
  <nd ref="11423623025"/>
  <nd ref="11423623024"/>
  <nd ref="1188924859"/>
  <nd ref="1188876729"/>
  <nd ref="1189090912"/>
  <nd ref="1189035518"/>
  <nd ref="1188887954"/>
  <nd ref="1189115895"/>
  <nd ref="1189048301"/>
  <nd ref="1188984138"/>
  <nd ref="1189112396"/>
  <nd ref="1189046961"/>
  <nd ref="1188980186"/>
  <nd ref="1188922617"/>
  <nd ref="1189060382"/>
  <nd ref="1189027999"/>
  <nd ref="11423623023"/>
  <nd ref="11423623022"/>
  <nd ref="11423623021"/>
  <nd ref="11423623038"/>
  <nd ref="1188963860"/>
  <nd ref="1188943296"/>
  <nd ref="6757876638"/>
  <nd ref="1189086374"/>
  <nd ref="1189032603"/>
  <nd ref="1188968039"/>
  <tag k="landuse" v="grass"/>
 </way>
 <way id="1231763003" visible="true" version="1" changeset="145198514" timestamp="2023-12-16T21:50:19Z" user="Furdrien" uid="6696140">
  <nd ref="11423623039"/>
  <nd ref="11423623035"/>
  <nd ref="11423623034"/>
  <nd ref="11423623033"/>
  <nd ref="11423623019"/>
  <nd ref="11423623032"/>
  <nd ref="11423623038"/>
  <nd ref="11423623021"/>
  <nd ref="11423623020"/>
  <nd ref="11423623024"/>
  <nd ref="11423623039"/>
  <tag k="landuse" v="commercial"/>
 </way>
 <way id="1231763004" visible="true" version="1" changeset="145198514" timestamp="2023-12-16T21:50:19Z" user="Furdrien" uid="6696140">
  <nd ref="11423623039"/>
  <nd ref="11423623024"/>
  <nd ref="11423623020"/>
  <nd ref="11423623021"/>
  <nd ref="11423623038"/>
  <nd ref="11423623037"/>
  <nd ref="11423623036"/>
  <nd ref="11423623039"/>
 </way>
 <way id="1240981012" visible="true" version="2" changeset="152139105" timestamp="2024-06-01T21:28:41Z" user="Furdrien" uid="6696140">
  <nd ref="6752786897"/>
  <nd ref="11413256802"/>
  <nd ref="11413256801"/>
  <nd ref="11413256800"/>
  <nd ref="3388985600"/>
  <nd ref="10124120702"/>
  <nd ref="10124120703"/>
  <nd ref="10124120698"/>
  <nd ref="11413256799"/>
  <nd ref="11413256798"/>
  <nd ref="11413256797"/>
  <nd ref="11413256796"/>
  <nd ref="10124120525"/>
  <nd ref="10124120547"/>
  <nd ref="10124120526"/>
  <nd ref="10124120546"/>
  <nd ref="10124120545"/>
  <nd ref="10124120528"/>
  <nd ref="10124120530"/>
  <nd ref="10124120532"/>
  <nd ref="10124120535"/>
  <nd ref="10124120543"/>
  <nd ref="11413256795"/>
  <nd ref="1188904584"/>
  <nd ref="1189083688"/>
  <nd ref="11413256794"/>
  <nd ref="11413256793"/>
  <nd ref="11413256792"/>
  <nd ref="11413256791"/>
  <nd ref="11413256790"/>
  <nd ref="11413256789"/>
  <nd ref="11413256788"/>
  <nd ref="11413256787"/>
  <nd ref="11413256786"/>
  <nd ref="11413256785"/>
  <nd ref="1188958351"/>
  <nd ref="1189028649"/>
  <nd ref="1188979666"/>
  <nd ref="1189046747"/>
  <nd ref="1189111852"/>
  <nd ref="11413256784"/>
  <nd ref="11413256783"/>
  <nd ref="1188887615"/>
  <nd ref="1188940659"/>
  <nd ref="1189032363"/>
  <nd ref="11413256782"/>
  <nd ref="11413256781"/>
  <nd ref="11413256780"/>
  <nd ref="11413256779"/>
  <nd ref="11453858487"/>
  <nd ref="11413256778"/>
  <nd ref="1189133305"/>
  <nd ref="1188909531"/>
  <nd ref="11413256777"/>
  <nd ref="11413256776"/>
  <nd ref="11413256775"/>
  <nd ref="11413256774"/>
  <nd ref="11413256773"/>
  <nd ref="11413256772"/>
  <nd ref="11413256771"/>
  <nd ref="11413256770"/>
  <nd ref="11413256769"/>
  <nd ref="11413246768"/>
  <nd ref="1188955100"/>
  <nd ref="1188972217"/>
  <nd ref="11453858506"/>
  <nd ref="1189036143"/>
  <nd ref="11453858507"/>
  <nd ref="2019792264"/>
  <tag k="source" v="Bing"/>
 </way>
 <way id="1336790447" visible="true" version="1" changeset="159451176" timestamp="2024-11-22T09:59:23Z" user="Furdrien" uid="6696140">
  <nd ref="12364577582"/>
  <nd ref="6757876650"/>
  <nd ref="6757876636"/>
  <nd ref="221346263"/>
  <nd ref="4274488845"/>
  <nd ref="12364577437"/>
 </way>
 <way id="1336790448" visible="true" version="1" changeset="159451176" timestamp="2024-11-22T09:59:23Z" user="Furdrien" uid="6696140">
  <nd ref="6757876652"/>
  <nd ref="6757876651"/>
  <nd ref="12364577582"/>
 </way>
 <way id="1336790451" visible="true" version="1" changeset="159451176" timestamp="2024-11-22T09:59:23Z" user="Furdrien" uid="6696140">
  <nd ref="12364577437"/>
  <nd ref="12364577582"/>
 </way>
 <way id="1336790452" visible="true" version="1" changeset="159451176" timestamp="2024-11-22T09:59:23Z" user="Furdrien" uid="6696140">
  <nd ref="6757876652"/>
  <nd ref="12364577438"/>
 </way>
 <way id="1378915129" visible="true" version="1" changeset="165156960" timestamp="2025-04-19T14:42:20Z" user="yargil" uid="157949">
  <nd ref="12768616724"/>
  <nd ref="12768616723"/>
  <tag k="foot" v="designated"/>
  <tag k="footway" v="sidewalk"/>
  <tag k="highway" v="footway"/>
  <tag k="surface" v="asphalt"/>
 </way>
 <way id="1378915132" visible="true" version="1" changeset="165156960" timestamp="2025-04-19T14:42:20Z" user="yargil" uid="157949">
  <nd ref="12768616722"/>
  <nd ref="12768616719"/>
  <nd ref="12768616721"/>
  <nd ref="12768616720"/>
  <tag k="foot" v="designated"/>
  <tag k="footway" v="sidewalk"/>
  <tag k="highway" v="footway"/>
  <tag k="lit" v="yes"/>
  <tag k="name" v="Boulevard du Port"/>
  <tag k="surface" v="asphalt"/>
 </way>
 <way id="1378915133" visible="true" version="1" changeset="165156960" timestamp="2025-04-19T14:42:20Z" user="yargil" uid="157949">
  <nd ref="12768616723"/>
  <nd ref="12768616727"/>
  <nd ref="12768616722"/>
  <tag k="foot" v="designated"/>
  <tag k="footway" v="crossing"/>
  <tag k="highway" v="footway"/>
  <tag k="lit" v="yes"/>
  <tag k="name" v="Boulevard du Port"/>
  <tag k="surface" v="asphalt"/>
 </way>
 <way id="1378915134" visible="true" version="1" changeset="165156960" timestamp="2025-04-19T14:42:20Z" user="yargil" uid="157949">
  <nd ref="12768616725"/>
  <nd ref="6779029332"/>
  <nd ref="6757876678"/>
  <tag k="foot" v="designated"/>
  <tag k="footway" v="sidewalk"/>
  <tag k="highway" v="footway"/>
  <tag k="lit" v="yes"/>
  <tag k="name" v="Boulevard du Port"/>
  <tag k="surface" v="asphalt"/>
 </way>
 <way id="1378915135" visible="true" version="1" changeset="165156960" timestamp="2025-04-19T14:42:20Z" user="yargil" uid="157949">
  <nd ref="12768616724"/>
  <nd ref="6779029331"/>
  <nd ref="12768616725"/>
  <tag k="foot" v="designated"/>
  <tag k="footway" v="crossing"/>
  <tag k="highway" v="footway"/>
  <tag k="lit" v="yes"/>
  <tag k="name" v="Boulevard du Port"/>
  <tag k="surface" v="asphalt"/>
 </way>
 <relation id="2653478" visible="true" version="26" changeset="168649355" timestamp="2025-07-08T13:05:56Z" user="Furdrien" uid="6696140">
  <member type="way" ref="1413041367" role="outer"/>
  <member type="way" ref="1413258864" role="outer"/>
  <member type="way" ref="1413041360" role="outer"/>
  <member type="way" ref="1413041371" role="outer"/>
  <member type="way" ref="1413041329" role="outer"/>
  <member type="way" ref="1413041330" role="outer"/>
  <member type="way" ref="1413041342" role="outer"/>
  <member type="way" ref="1413041370" role="outer"/>
  <member type="way" ref="1413041336" role="outer"/>
  <member type="way" ref="1413041281" role="outer"/>
  <member type="way" ref="1413041279" role="outer"/>
  <member type="way" ref="1413041280" role="outer"/>
  <member type="way" ref="1413258763" role="outer"/>
  <member type="way" ref="1413258765" role="outer"/>
  <member type="way" ref="1413258731" role="outer"/>
  <member type="way" ref="1413041368" role="outer"/>
  <member type="way" ref="1413258797" role="outer"/>
  <member type="way" ref="1413258732" role="outer"/>
  <member type="way" ref="1413258791" role="outer"/>
  <member type="way" ref="1413258792" role="outer"/>
  <member type="way" ref="1413258724" role="outer"/>
  <member type="way" ref="1413258725" role="outer"/>
  <member type="way" ref="1413041369" role="outer"/>
  <member type="way" ref="1240981012" role="outer"/>
  <member type="way" ref="1288787580" role="outer"/>
  <member type="way" ref="1288787581" role="outer"/>
  <member type="way" ref="1288787638" role="outer"/>
  <member type="way" ref="1288787639" role="outer"/>
  <member type="way" ref="1240981013" role="outer"/>
  <member type="way" ref="1240981014" role="outer"/>
  <member type="way" ref="1290203440" role="outer"/>
  <member type="way" ref="1290203441" role="outer"/>
  <member type="way" ref="1230680701" role="outer"/>
  <member type="way" ref="1283013703" role="outer"/>
  <member type="way" ref="1283013704" role="outer"/>
  <member type="way" ref="1283013790" role="outer"/>
  <member type="way" ref="1283013759" role="outer"/>
  <member type="way" ref="1283013758" role="outer"/>
  <member type="way" ref="1283013760" role="outer"/>
  <member type="way" ref="1283013761" role="outer"/>
  <member type="way" ref="1283013717" role="outer"/>
  <member type="way" ref="1283013682" role="outer"/>
  <member type="way" ref="1283013681" role="outer"/>
  <member type="way" ref="292691426" role="outer"/>
  <member type="way" ref="1283013680" role="outer"/>
  <member type="way" ref="1283013739" role="outer"/>
  <member type="way" ref="1283013764" role="outer"/>
  <member type="way" ref="1224390731" role="outer"/>
  <member type="way" ref="1251963853" role="outer"/>
  <member type="way" ref="1290188804" role="outer"/>
  <member type="way" ref="1290188805" role="outer"/>
  <member type="way" ref="1282628849" role="outer"/>
  <member type="way" ref="585752672" role="outer"/>
  <member type="way" ref="1251963829" role="outer"/>
  <member type="way" ref="1251963930" role="outer"/>
  <member type="way" ref="1251963718" role="outer"/>
  <member type="way" ref="1251963850" role="outer"/>
  <member type="way" ref="1251963851" role="outer"/>
  <member type="way" ref="1251963714" role="outer"/>
  <member type="way" ref="1251963713" role="outer"/>
  <member type="way" ref="1251963931" role="outer"/>
  <member type="way" ref="1251963716" role="outer"/>
  <member type="way" ref="1251963715" role="outer"/>
  <member type="way" ref="1251963717" role="outer"/>
  <member type="way" ref="1182829217" role="outer"/>
  <member type="way" ref="1251963844" role="outer"/>
  <member type="way" ref="192405945" role="outer"/>
  <member type="way" ref="1251963852" role="outer"/>
  <member type="way" ref="1282628850" role="outer"/>
  <member type="way" ref="1282628949" role="outer"/>
  <member type="way" ref="1282628936" role="outer"/>
  <member type="way" ref="1282628948" role="outer"/>
  <member type="way" ref="1282628915" role="outer"/>
  <member type="way" ref="1284981055" role="outer"/>
  <member type="way" ref="1282628884" role="outer"/>
  <member type="way" ref="1283741113" role="outer"/>
  <member type="way" ref="1283741134" role="outer"/>
  <member type="way" ref="1283741135" role="outer"/>
  <member type="way" ref="1283741136" role="outer"/>
  <member type="way" ref="1283741137" role="outer"/>
  <member type="way" ref="1283741129" role="outer"/>
  <member type="way" ref="1282628971" role="outer"/>
  <member type="way" ref="1283741093" role="outer"/>
  <member type="way" ref="1283741094" role="outer"/>
  <member type="way" ref="1282628886" role="outer"/>
  <member type="way" ref="1282628888" role="outer"/>
  <member type="way" ref="1284981107" role="outer"/>
  <member type="way" ref="1284981108" role="outer"/>
  <member type="way" ref="1282628889" role="outer"/>
  <member type="way" ref="1284981024" role="outer"/>
  <member type="way" ref="1282628890" role="outer"/>
  <member type="way" ref="1282628891" role="outer"/>
  <member type="way" ref="1284981016" role="outer"/>
  <member type="way" ref="1284981015" role="outer"/>
  <member type="way" ref="1284981014" role="outer"/>
  <member type="way" ref="1282628870" role="outer"/>
  <member type="way" ref="1284981027" role="outer"/>
  <member type="way" ref="1282628916" role="outer"/>
  <member type="way" ref="1282628872" role="outer"/>
  <member type="way" ref="1288396062" role="outer"/>
  <member type="way" ref="1288396060" role="outer"/>
  <member type="way" ref="1288396069" role="outer"/>
  <member type="way" ref="1282628871" role="outer"/>
  <member type="way" ref="1288396071" role="outer"/>
  <member type="way" ref="1288396072" role="outer"/>
  <member type="way" ref="1288396099" role="outer"/>
  <member type="way" ref="1288396100" role="outer"/>
  <member type="way" ref="1282628917" role="outer"/>
  <member type="way" ref="1288396090" role="outer"/>
  <member type="way" ref="1288396101" role="outer"/>
  <member type="way" ref="1282628869" role="outer"/>
  <member type="way" ref="1288396086" role="outer"/>
  <member type="way" ref="1288396087" role="outer"/>
  <member type="way" ref="1282628877" role="outer"/>
  <member type="way" ref="1282628924" role="outer"/>
  <member type="way" ref="1288395962" role="outer"/>
  <member type="way" ref="1288395965" role="outer"/>
  <member type="way" ref="1288395969" role="outer"/>
  <member type="way" ref="1288395970" role="outer"/>
  <member type="way" ref="1291101998" role="outer"/>
  <member type="way" ref="1291101990" role="outer"/>
  <member type="way" ref="1291101992" role="outer"/>
  <member type="way" ref="1282628925" role="outer"/>
  <member type="way" ref="1291102002" role="outer"/>
  <member type="way" ref="1291101930" role="outer"/>
  <member type="way" ref="1291101931" role="outer"/>
  <member type="way" ref="1282628927" role="outer"/>
  <member type="way" ref="1291102003" role="outer"/>
  <member type="way" ref="1291102005" role="outer"/>
  <member type="way" ref="1282628928" role="outer"/>
  <member type="way" ref="1291101962" role="outer"/>
  <member type="way" ref="1291101963" role="outer"/>
  <member type="way" ref="1291102001" role="outer"/>
  <member type="way" ref="1291101936" role="outer"/>
  <member type="way" ref="1291101937" role="outer"/>
  <member type="way" ref="1291101964" role="outer"/>
  <member type="way" ref="1282628929" role="outer"/>
  <member type="way" ref="1282628976" role="outer"/>
  <member type="way" ref="1282628978" role="outer"/>
  <member type="way" ref="1282628977" role="outer"/>
  <member type="way" ref="1282628974" role="outer"/>
  <member type="way" ref="1282628973" role="outer"/>
  <member type="way" ref="1282628983" role="outer"/>
  <member type="way" ref="1282628981" role="outer"/>
  <member type="way" ref="41434008" role="outer"/>
  <member type="way" ref="1282628982" role="outer"/>
  <member type="way" ref="1282628999" role="outer"/>
  <member type="way" ref="1282628980" role="outer"/>
  <member type="way" ref="1282628975" role="outer"/>
  <member type="way" ref="1282628855" role="outer"/>
  <member type="way" ref="1282628988" role="outer"/>
  <member type="way" ref="1282628854" role="outer"/>
  <member type="way" ref="1282628987" role="outer"/>
  <member type="way" ref="1282628986" role="outer"/>
  <member type="way" ref="1413041357" role="outer"/>
  <member type="way" ref="1413041397" role="outer"/>
  <member type="way" ref="1413041245" role="outer"/>
  <member type="way" ref="1413041391" role="outer"/>
  <member type="way" ref="1413041396" role="outer"/>
  <member type="way" ref="1413041356" role="outer"/>
  <member type="way" ref="1284981033" role="outer"/>
  <member type="way" ref="1284981044" role="outer"/>
  <member type="way" ref="1284981030" role="outer"/>
  <member type="way" ref="1284981036" role="outer"/>
  <member type="way" ref="1284981034" role="outer"/>
  <member type="way" ref="1284981012" role="outer"/>
  <member type="way" ref="1284981039" role="outer"/>
  <member type="way" ref="1284981047" role="outer"/>
  <member type="way" ref="1284981021" role="outer"/>
  <member type="way" ref="1284981011" role="outer"/>
  <member type="way" ref="1284981022" role="outer"/>
  <member type="way" ref="1284981018" role="outer"/>
  <member type="way" ref="1282628995" role="outer"/>
  <member type="way" ref="1282628852" role="outer"/>
  <member type="way" ref="1284981019" role="outer"/>
  <member type="way" ref="1284981020" role="outer"/>
  <member type="way" ref="1251963843" role="outer"/>
  <member type="way" ref="1251963849" role="outer"/>
  <member type="way" ref="1251963869" role="outer"/>
  <member type="way" ref="1251963848" role="outer"/>
  <member type="way" ref="1251963861" role="outer"/>
  <member type="way" ref="192405943" role="outer"/>
  <member type="way" ref="102984409" role="outer"/>
  <member type="way" ref="1251963877" role="outer"/>
  <member type="way" ref="1251963845" role="outer"/>
  <member type="way" ref="1230680700" role="outer"/>
  <member type="way" ref="1282170209" role="outer"/>
  <member type="way" ref="1282170210" role="outer"/>
  <member type="way" ref="1230680698" role="outer"/>
  <member type="way" ref="1237643216" role="outer"/>
  <member type="way" ref="1237643237" role="outer"/>
  <member type="way" ref="1230680699" role="outer"/>
  <member type="way" ref="493289788" role="outer"/>
  <member type="way" ref="1247021119" role="outer"/>
  <member type="way" ref="1247021116" role="outer"/>
  <member type="way" ref="1247021110" role="outer"/>
  <member type="way" ref="44677587" role="outer"/>
  <member type="way" ref="1247021090" role="outer"/>
  <member type="way" ref="493339284" role="outer"/>
  <member type="way" ref="1247021112" role="outer"/>
  <member type="way" ref="1247021113" role="outer"/>
  <member type="way" ref="1288395784" role="inner"/>
  <member type="way" ref="1288395785" role="inner"/>
  <member type="way" ref="140160640" role="inner"/>
  <member type="way" ref="1288395786" role="inner"/>
  <member type="way" ref="140160641" role="inner"/>
  <member type="way" ref="1288395783" role="inner"/>
  <member type="way" ref="493288362" role="outer"/>
  <member type="way" ref="1355972865" role="outer"/>
  <member type="way" ref="1355972863" role="outer"/>
  <member type="way" ref="1355972848" role="outer"/>
  <member type="way" ref="1355972866" role="outer"/>
  <member type="way" ref="1355972847" role="outer"/>
  <member type="way" ref="1230680691" role="outer"/>
  <member type="way" ref="1230680697" role="outer"/>
  <member type="way" ref="1336790435" role="outer"/>
  <member type="way" ref="1336790436" role="outer"/>
  <member type="way" ref="1230680692" role="outer"/>
  <member type="way" ref="1230680693" role="outer"/>
  <member type="way" ref="1230680694" role="outer"/>
  <member type="way" ref="1231763017" role="outer"/>
  <member type="way" ref="1231763012" role="outer"/>
  <member type="way" ref="1231763018" role="outer"/>
  <member type="way" ref="1231763015" role="outer"/>
  <member type="way" ref="1336790442" role="outer"/>
  <member type="way" ref="1336790441" role="outer"/>
  <member type="way" ref="1336790440" role="outer"/>
  <member type="way" ref="1336790439" role="outer"/>
  <member type="way" ref="1336790438" role="outer"/>
  <member type="way" ref="1336790437" role="outer"/>
  <member type="way" ref="1230449215" role="outer"/>
  <member type="way" ref="1230680690" role="outer"/>
  <member type="way" ref="1231763004" role="outer"/>
  <member type="way" ref="1337498612" role="outer"/>
  <member type="way" ref="1337498613" role="outer"/>
  <member type="way" ref="1232542214" role="outer"/>
  <member type="way" ref="1337498605" role="outer"/>
  <member type="way" ref="1337498606" role="outer"/>
  <member type="way" ref="1337498610" role="outer"/>
  <member type="way" ref="1337498611" role="outer"/>
  <member type="way" ref="1284981050" role="outer"/>
  <member type="way" ref="1284981062" role="outer"/>
  <member type="way" ref="1284981063" role="outer"/>
  <member type="way" ref="1282628914" role="outer"/>
  <member type="way" ref="1284981122" role="outer"/>
  <member type="way" ref="1282628880" role="outer"/>
  <member type="way" ref="1284981070" role="outer"/>
  <member type="way" ref="1284981123" role="outer"/>
  <member type="way" ref="1282628893" role="outer"/>
  <member type="way" ref="1282628879" role="outer"/>
  <member type="way" ref="1284981131" role="outer"/>
  <member type="way" ref="1284981132" role="outer"/>
  <member type="way" ref="1284981133" role="outer"/>
  <member type="way" ref="1284981110" role="outer"/>
  <member type="way" ref="1284981119" role="outer"/>
  <member type="way" ref="1284981099" role="outer"/>
  <member type="way" ref="1282628892" role="outer"/>
  <member type="way" ref="1284981100" role="outer"/>
  <member type="way" ref="1284981118" role="outer"/>
  <member type="way" ref="1284981066" role="outer"/>
  <member type="way" ref="1282628913" role="outer"/>
  <member type="way" ref="1282628946" role="outer"/>
  <member type="way" ref="1284981052" role="outer"/>
  <member type="way" ref="1284981048" role="outer"/>
  <member type="way" ref="1284981049" role="outer"/>
  <member type="way" ref="1282628906" role="outer"/>
  <member type="way" ref="1282628904" role="outer"/>
  <member type="way" ref="1282628905" role="outer"/>
  <member type="way" ref="1282628907" role="outer"/>
  <member type="way" ref="1282628908" role="outer"/>
  <member type="way" ref="1282628900" role="outer"/>
  <member type="way" ref="1283013746" role="outer"/>
  <member type="way" ref="1283013738" role="outer"/>
  <member type="way" ref="1283013745" role="outer"/>
  <member type="way" ref="278173282" role="outer"/>
  <member type="way" ref="1413041249" role="outer"/>
  <member type="way" ref="1413041250" role="outer"/>
  <member type="way" ref="1413041251" role="outer"/>
  <member type="way" ref="1413041269" role="outer"/>
  <member type="way" ref="1413258820" role="outer"/>
  <member type="way" ref="28018149" role="outer"/>
  <member type="way" ref="1413258819" role="outer"/>
  <member type="way" ref="1413258910" role="outer"/>
  <member type="way" ref="1413258909" role="outer"/>
  <member type="way" ref="1413258906" role="outer"/>
  <member type="way" ref="1413258905" role="outer"/>
  <member type="way" ref="1413258888" role="outer"/>
  <member type="way" ref="1413258887" role="outer"/>
  <member type="way" ref="1413041285" role="outer"/>
  <member type="way" ref="1413041244" role="outer"/>
  <member type="way" ref="1413041284" role="outer"/>
  <member type="way" ref="1413041292" role="outer"/>
  <member type="way" ref="1413041257" role="outer"/>
  <tag k="landuse" v="residential"/>
  <tag k="type" v="multipolygon"/>
 </relation>
 <relation id="3764030" visible="true" version="6" changeset="118318768" timestamp="2022-03-10T11:06:13Z" user="ika-chan!" uid="4763179">
  <member type="node" ref="2874581009" role="house"/>
  <member type="node" ref="2874581020" role="house"/>
  <member type="node" ref="2874581025" role="house"/>
  <member type="node" ref="2874581026" role="house"/>
  <member type="node" ref="2874581027" role="house"/>
  <member type="node" ref="2874581010" role="house"/>
  <member type="node" ref="2874581011" role="house"/>
  <member type="node" ref="2874581012" role="house"/>
  <member type="node" ref="2874581013" role="house"/>
  <member type="node" ref="2874581014" role="house"/>
  <member type="node" ref="2874581015" role="house"/>
  <member type="node" ref="2874581016" role="house"/>
  <member type="node" ref="2874581017" role="house"/>
  <member type="node" ref="2874581018" role="house"/>
  <member type="node" ref="2874581019" role="house"/>
  <member type="node" ref="2874581021" role="house"/>
  <member type="node" ref="2874581022" role="house"/>
  <member type="node" ref="2874581023" role="house"/>
  <member type="node" ref="2874581024" role="house"/>
  <member type="way" ref="508715510" role="street"/>
  <member type="way" ref="508715506" role="street"/>
  <member type="way" ref="1039037788" role="street"/>
  <member type="way" ref="508715504" role="street"/>
  <member type="way" ref="1039037789" role="street"/>
  <member type="way" ref="508703461" role="street"/>
  <member type="way" ref="508703473" role="street"/>
  <member type="way" ref="508703464" role="street"/>
  <member type="way" ref="508703462" role="street"/>
  <member type="way" ref="508703463" role="street"/>
  <member type="way" ref="697624186" role="street"/>
  <member type="way" ref="508703470" role="street"/>
  <member type="way" ref="508715508" role="street"/>
  <member type="way" ref="1034931244" role="street"/>
  <tag k="name" v="Avenue des Grouettes"/>
  <tag k="type" v="associatedStreet"/>
 </relation>
 <relation id="3764062" visible="true" version="3" changeset="69572580" timestamp="2019-04-25T16:34:58Z" user="Furdrien" uid="6696140">
  <member type="node" ref="2874586090" role="house"/>
  <member type="node" ref="2874586096" role="house"/>
  <member type="node" ref="2874586097" role="house"/>
  <member type="node" ref="2874586085" role="house"/>
  <member type="node" ref="2874586086" role="house"/>
  <member type="node" ref="2874586087" role="house"/>
  <member type="node" ref="2874586092" role="house"/>
  <member type="node" ref="2874586088" role="house"/>
  <member type="node" ref="2874586089" role="house"/>
  <member type="node" ref="2874586091" role="house"/>
  <member type="node" ref="2874586093" role="house"/>
  <member type="node" ref="2874586094" role="house"/>
  <member type="node" ref="2874586095" role="house"/>
  <member type="way" ref="34791801" role="street"/>
  <member type="way" ref="685923941" role="street"/>
  <member type="way" ref="660514479" role="street"/>
  <tag k="name" v="Rue des Paradis"/>
  <tag k="type" v="associatedStreet"/>
 </relation>
 <relation id="7405347" visible="true" version="2" changeset="118318768" timestamp="2022-03-10T11:06:13Z" user="ika-chan!" uid="4763179">
  <member type="way" ref="1039037788" role="from"/>
  <member type="way" ref="1039037790" role="via"/>
  <member type="way" ref="508703461" role="to"/>
  <tag k="restriction" v="no_u_turn"/>
  <tag k="type" v="restriction"/>
 </relation>
 <relation id="7405348" visible="true" version="1" changeset="50407267" timestamp="2017-07-19T14:16:42Z" user="ika-chan!" uid="4763179">
  <member type="way" ref="508715516" role="from"/>
  <member type="node" ref="4979712928" role="via"/>
  <member type="way" ref="508715510" role="to"/>
  <tag k="restriction" v="only_straight_on"/>
  <tag k="type" v="restriction"/>
 </relation>
 <relation id="7405350" visible="true" version="2" changeset="117830596" timestamp="2022-02-24T23:23:40Z" user="Furdrien" uid="6696140">
  <member type="node" ref="4979712940" role="via"/>
  <member type="way" ref="508715512" role="to"/>
  <member type="way" ref="1034931244" role="from"/>
  <tag k="restriction" v="only_straight_on"/>
  <tag k="type" v="restriction"/>
 </relation>
 <relation id="7405351" visible="true" version="1" changeset="50407267" timestamp="2017-07-19T14:16:42Z" user="ika-chan!" uid="4763179">
  <member type="way" ref="365891441" role="from"/>
  <member type="node" ref="4979712939" role="via"/>
  <member type="way" ref="508715513" role="to"/>
  <tag k="restriction" v="only_straight_on"/>
  <tag k="type" v="restriction"/>
 </relation>
 <relation id="7405352" visible="true" version="1" changeset="50407267" timestamp="2017-07-19T14:16:42Z" user="ika-chan!" uid="4763179">
  <member type="way" ref="176041131" role="from"/>
  <member type="node" ref="4979712928" role="via"/>
  <member type="way" ref="365891441" role="to"/>
  <tag k="restriction" v="only_straight_on"/>
  <tag k="type" v="restriction"/>
 </relation>
 <relation id="7405353" visible="true" version="1" changeset="50407267" timestamp="2017-07-19T14:16:42Z" user="ika-chan!" uid="4763179">
  <member type="way" ref="20597696" role="from"/>
  <member type="node" ref="4979712940" role="via"/>
  <member type="way" ref="508715516" role="to"/>
  <tag k="restriction" v="only_straight_on"/>
  <tag k="type" v="restriction"/>
 </relation>
 <relation id="7405354" visible="true" version="1" changeset="50407267" timestamp="2017-07-19T14:16:42Z" user="ika-chan!" uid="4763179">
  <member type="way" ref="508715519" role="from"/>
  <member type="node" ref="130040099" role="via"/>
  <member type="way" ref="508715520" role="to"/>
  <tag k="restriction" v="no_left_turn"/>
  <tag k="type" v="restriction"/>
 </relation>
 <relation id="7405355" visible="true" version="1" changeset="50407267" timestamp="2017-07-19T14:16:43Z" user="ika-chan!" uid="4763179">
  <member type="way" ref="508715513" role="from"/>
  <member type="node" ref="130040099" role="via"/>
  <member type="way" ref="508715519" role="to"/>
  <tag k="restriction" v="no_left_turn"/>
  <tag k="type" v="restriction"/>
 </relation>
 <relation id="7441309" visible="true" version="73" changeset="186732434" timestamp="2026-07-31T21:57:08Z" user="Furdrien" uid="6696140">
  <member type="node" ref="12915183531" role="platform_entry_only"/>
  <member type="node" ref="12915183526" role="stop_entry_only"/>
  <member type="node" ref="617854938" role="platform"/>
  <member type="node" ref="4932680379" role="stop"/>
  <member type="node" ref="617854913" role="platform"/>
  <member type="node" ref="5000513490" role="stop"/>
  <member type="node" ref="1864425136" role="platform"/>
  <member type="node" ref="5012443618" role="stop"/>
  <member type="node" ref="1864425155" role="platform"/>
  <member type="node" ref="5012489695" role="stop"/>
  <member type="node" ref="4596696547" role="platform"/>
  <member type="node" ref="5012489693" role="stop"/>
  <member type="node" ref="1864425142" role="platform"/>
  <member type="node" ref="5012557778" role="stop"/>
  <member type="node" ref="1535565653" role="platform"/>
  <member type="node" ref="5012557776" role="stop"/>
  <member type="node" ref="1864444107" role="platform"/>
  <member type="node" ref="5012557774" role="stop"/>
  <member type="node" ref="1864444097" role="platform"/>
  <member type="node" ref="5012557773" role="stop"/>
  <member type="node" ref="1864444103" role="platform"/>
  <member type="node" ref="4993922814" role="stop"/>
  <member type="node" ref="307714867" role="platform"/>
  <member type="node" ref="4995222198" role="stop"/>
  <member type="node" ref="1864506171" role="platform"/>
  <member type="node" ref="5012557771" role="stop"/>
  <member type="node" ref="307783596" role="platform"/>
  <member type="node" ref="5012557769" role="stop"/>
  <member type="node" ref="1629882361" role="platform"/>
  <member type="node" ref="5012557767" role="stop"/>
  <member type="node" ref="1864506178" role="platform"/>
  <member type="node" ref="5009891364" role="stop"/>
  <member type="node" ref="1864512879" role="platform"/>
  <member type="node" ref="5010809646" role="stop"/>
  <member type="node" ref="1864533819" role="platform"/>
  <member type="node" ref="305154924" role="stop"/>
  <member type="node" ref="1864533828" role="platform"/>
  <member type="node" ref="5010809643" role="stop"/>
  <member type="node" ref="307703609" role="platform"/>
  <member type="node" ref="14065042728" role="stop"/>
  <member type="node" ref="307703865" role="platform_exit_only"/>
  <member type="node" ref="5012486029" role="stop_exit_only"/>
  <member type="way" ref="1528610324" role=""/>
  <member type="way" ref="1528610323" role=""/>
  <member type="way" ref="1451032251" role=""/>
  <member type="way" ref="1509450174" role=""/>
  <member type="way" ref="1309944790" role=""/>
  <member type="way" ref="1012296924" role=""/>
  <member type="way" ref="1453857189" role=""/>
  <member type="way" ref="1013403266" role=""/>
  <member type="way" ref="502923116" role=""/>
  <member type="way" ref="502923119" role=""/>
  <member type="way" ref="1411154217" role=""/>
  <member type="way" ref="1102939392" role=""/>
  <member type="way" ref="1103868867" role=""/>
  <member type="way" ref="502923117" role=""/>
  <member type="way" ref="149871111" role=""/>
  <member type="way" ref="1103868866" role=""/>
  <member type="way" ref="175885098" role=""/>
  <member type="way" ref="149871117" role=""/>
  <member type="way" ref="508703464" role=""/>
  <member type="way" ref="508703473" role=""/>
  <member type="way" ref="1039037789" role=""/>
  <member type="way" ref="508703461" role=""/>
  <member type="way" ref="508715508" role=""/>
  <member type="way" ref="1034931244" role=""/>
  <member type="way" ref="508715512" role=""/>
  <member type="way" ref="1034931239" role=""/>
  <member type="way" ref="176037451" role=""/>
  <member type="way" ref="20597700" role=""/>
  <member type="way" ref="175885101" role=""/>
  <member type="way" ref="292691423" role=""/>
  <member type="way" ref="20597714" role=""/>
  <member type="way" ref="1053371172" role=""/>
  <member type="way" ref="512906051" role=""/>
  <member type="way" ref="20597716" role=""/>
  <member type="way" ref="24704831" role=""/>
  <member type="way" ref="678252928" role=""/>
  <member type="way" ref="678467296" role=""/>
  <member type="way" ref="285190729" role=""/>
  <member type="way" ref="285190733" role=""/>
  <member type="way" ref="1053371170" role=""/>
  <member type="way" ref="42279722" role=""/>
  <member type="way" ref="42279721" role=""/>
  <member type="way" ref="23759641" role=""/>
  <member type="way" ref="46614444" role=""/>
  <member type="way" ref="23759636" role=""/>
  <member type="way" ref="1165593846" role=""/>
  <member type="way" ref="1053371169" role=""/>
  <member type="way" ref="635396115" role=""/>
  <member type="way" ref="666117227" role=""/>
  <member type="way" ref="635396118" role=""/>
  <member type="way" ref="660514467" role=""/>
  <member type="way" ref="660514466" role=""/>
  <member type="way" ref="23759627" role=""/>
  <member type="way" ref="1046224246" role=""/>
  <member type="way" ref="1046224247" role=""/>
  <member type="way" ref="23738241" role=""/>
  <member type="way" ref="1046224242" role=""/>
  <member type="way" ref="1012296926" role=""/>
  <member type="way" ref="1045542147" role=""/>
  <member type="way" ref="23740187" role=""/>
  <member type="way" ref="23754860" role=""/>
  <member type="way" ref="1352882044" role=""/>
  <member type="way" ref="1352882043" role=""/>
  <member type="way" ref="1123831610" role=""/>
  <member type="way" ref="1123831609" role=""/>
  <member type="way" ref="1157060270" role=""/>
  <member type="way" ref="46452421" role=""/>
  <member type="way" ref="138749171" role=""/>
  <member type="way" ref="176009162" role=""/>
  <member type="way" ref="1157060275" role=""/>
  <member type="way" ref="1165986999" role=""/>
  <member type="way" ref="1352543013" role=""/>
  <member type="way" ref="1157060274" role=""/>
  <member type="way" ref="1352543014" role=""/>
  <member type="way" ref="27753097" role=""/>
  <member type="way" ref="1157060273" role=""/>
  <member type="way" ref="1157060277" role=""/>
  <member type="way" ref="1157060276" role=""/>
  <member type="way" ref="1163340721" role=""/>
  <member type="way" ref="805542139" role=""/>
  <member type="way" ref="46272266" role=""/>
  <member type="way" ref="150054779" role=""/>
  <member type="way" ref="150054727" role=""/>
  <member type="way" ref="805542138" role=""/>
  <member type="way" ref="805542137" role=""/>
  <member type="way" ref="175893327" role=""/>
  <member type="way" ref="175893326" role=""/>
  <member type="way" ref="512745254" role=""/>
  <member type="way" ref="38803438" role=""/>
  <member type="way" ref="1039178004" role=""/>
  <member type="way" ref="150054724" role=""/>
  <member type="way" ref="1370667069" role=""/>
  <member type="way" ref="1370667068" role=""/>
  <member type="way" ref="175893734" role=""/>
  <member type="way" ref="955647823" role=""/>
  <member type="way" ref="175893735" role=""/>
  <member type="way" ref="512363120" role=""/>
  <member type="way" ref="414383680" role=""/>
  <member type="way" ref="1038903147" role=""/>
  <member type="way" ref="1038903141" role=""/>
  <member type="way" ref="27748412" role=""/>
  <member type="way" ref="27747824" role=""/>
  <member type="way" ref="1038903146" role=""/>
  <member type="way" ref="1038903145" role=""/>
  <member type="way" ref="1038903138" role=""/>
  <member type="way" ref="1038903128" role=""/>
  <member type="way" ref="1038903140" role=""/>
  <member type="way" ref="1165593426" role=""/>
  <member type="way" ref="1038903139" role=""/>
  <member type="way" ref="1038903115" role=""/>
  <member type="way" ref="1039178016" role=""/>
  <member type="way" ref="512363119" role=""/>
  <member type="way" ref="1476305786" role=""/>
  <member type="way" ref="42467919" role=""/>
  <member type="way" ref="27747864" role=""/>
  <member type="way" ref="1038903118" role=""/>
  <member type="way" ref="27747977" role=""/>
  <member type="way" ref="1038903120" role=""/>
  <member type="way" ref="312020995" role=""/>
  <member type="way" ref="196020584" role=""/>
  <member type="way" ref="27791879" role=""/>
  <member type="way" ref="196020594" role=""/>
  <tag k="brand" v="Île-de-France Mobilités"/>
  <tag k="colour" v="#FF1400"/>
  <tag k="from" v="Gare de Cergy Préfecture"/>
  <tag k="name" v="Bus 1238 : Gare de Cergy Préfecture → Menucourt - La Taillette"/>
  <tag k="network" v="Cergy-Pontoise Confluence"/>
  <tag k="network:wikidata" v="Q125748755"/>
  <tag k="network:wikipedia" v="fr:Réseau de bus Cergy-Pontoise Confluence"/>
  <tag k="operator" v="Francilité Seine et Oise"/>
  <tag k="public_transport:version" v="2"/>
  <tag k="ref" v="1238"/>
  <tag k="route" v="bus"/>
  <tag k="to" v="Menucourt - La Taillette"/>
  <tag k="type" v="route"/>
 </relation>
 <relation id="7442327" visible="true" version="1" changeset="50813794" timestamp="2017-08-03T16:33:01Z" user="sidjy" uid="550691">
  <member type="node" ref="5012443618" role="stop"/>
  <member type="node" ref="1864425136" role="platform"/>
  <member type="node" ref="5012443619" role="stop"/>
  <member type="node" ref="1866033587" role="platform"/>
  <tag k="name" v="Les Grouettes"/>
  <tag k="public_transport" v="stop_area"/>
  <tag k="type" v="public_transport"/>
 </relation>
 <relation id="7442405" visible="true" version="1" changeset="50814461" timestamp="2017-08-03T17:01:10Z" user="sidjy" uid="550691">
  <member type="node" ref="5012489695" role="stop"/>
  <member type="node" ref="5012489694" role="stop"/>
  <member type="node" ref="1866033590" role="platform"/>
  <member type="node" ref="1864425155" role="platform"/>
  <tag k="name" v="Paradis"/>
  <tag k="public_transport" v="stop_area"/>
  <tag k="type" v="public_transport"/>
 </relation>
 <relation id="7442592" visible="true" version="85" changeset="183989771" timestamp="2026-06-11T20:49:35Z" user="Furdrien" uid="6696140">
  <member type="node" ref="5012486029" role="stop_entry_only"/>
  <member type="node" ref="307703865" role="platform_entry_only"/>
  <member type="node" ref="5012557761" role="stop"/>
  <member type="node" ref="1866097851" role="platform"/>
  <member type="node" ref="5010809644" role="stop"/>
  <member type="node" ref="1864533823" role="platform"/>
  <member type="node" ref="5010809642" role="stop"/>
  <member type="node" ref="1865570173" role="platform"/>
  <member type="node" ref="5010809645" role="stop"/>
  <member type="node" ref="1864512878" role="platform"/>
  <member type="node" ref="5009891363" role="stop"/>
  <member type="node" ref="1864506179" role="platform"/>
  <member type="node" ref="5012557767" role="stop"/>
  <member type="node" ref="307783465" role="platform"/>
  <member type="node" ref="5012557768" role="stop"/>
  <member type="node" ref="1865626632" role="platform"/>
  <member type="node" ref="5012557770" role="stop"/>
  <member type="node" ref="1864506175" role="platform"/>
  <member type="node" ref="1521194232" role="stop"/>
  <member type="node" ref="307714403" role="platform"/>
  <member type="node" ref="4993922813" role="stop"/>
  <member type="node" ref="1866078476" role="platform"/>
  <member type="node" ref="5012557772" role="stop"/>
  <member type="node" ref="1864444100" role="platform"/>
  <member type="node" ref="5012557775" role="stop"/>
  <member type="node" ref="1866061347" role="platform"/>
  <member type="node" ref="7086472699" role="stop"/>
  <member type="node" ref="7086406357" role="platform"/>
  <member type="node" ref="5014949457" role="stop"/>
  <member type="node" ref="1866033585" role="platform"/>
  <member type="node" ref="5012489694" role="stop"/>
  <member type="node" ref="1866033590" role="platform"/>
  <member type="node" ref="5012443619" role="stop"/>
  <member type="node" ref="1866033587" role="platform"/>
  <member type="node" ref="5001665268" role="stop"/>
  <member type="node" ref="617854915" role="platform"/>
  <member type="node" ref="13541861839" role="stop"/>
  <member type="node" ref="13541861840" role="platform"/>
  <member type="node" ref="12915183524" role="stop_exit_only"/>
  <member type="node" ref="12915183530" role="platform_exit_only"/>
  <member type="way" ref="512630804" role=""/>
  <member type="way" ref="196020584" role=""/>
  <member type="way" ref="196020585" role=""/>
  <member type="way" ref="1038903120" role=""/>
  <member type="way" ref="1038903116" role=""/>
  <member type="way" ref="175895219" role=""/>
  <member type="way" ref="1038903117" role=""/>
  <member type="way" ref="1476304603" role=""/>
  <member type="way" ref="1038903124" role=""/>
  <member type="way" ref="1476304602" role=""/>
  <member type="way" ref="1038903110" role=""/>
  <member type="way" ref="1038903111" role=""/>
  <member type="way" ref="175894909" role=""/>
  <member type="way" ref="175993434" role=""/>
  <member type="way" ref="1038903127" role=""/>
  <member type="way" ref="1038903115" role=""/>
  <member type="way" ref="1038903134" role=""/>
  <member type="way" ref="1038903129" role=""/>
  <member type="way" ref="1165593427" role=""/>
  <member type="way" ref="1165593425" role=""/>
  <member type="way" ref="1038903135" role=""/>
  <member type="way" ref="1038903145" role=""/>
  <member type="way" ref="27747890" role=""/>
  <member type="way" ref="27747824" role=""/>
  <member type="way" ref="1038903143" role=""/>
  <member type="way" ref="1038903141" role=""/>
  <member type="way" ref="1038903147" role=""/>
  <member type="way" ref="175994461" role=""/>
  <member type="way" ref="512363120" role=""/>
  <member type="way" ref="150054729" role=""/>
  <member type="way" ref="955647823" role=""/>
  <member type="way" ref="175893734" role=""/>
  <member type="way" ref="1370667068" role=""/>
  <member type="way" ref="1370667069" role=""/>
  <member type="way" ref="150054724" role=""/>
  <member type="way" ref="1039178004" role=""/>
  <member type="way" ref="175893329" role=""/>
  <member type="way" ref="512745254" role=""/>
  <member type="way" ref="150054708" role=""/>
  <member type="way" ref="175893327" role=""/>
  <member type="way" ref="805542137" role=""/>
  <member type="way" ref="805542138" role=""/>
  <member type="way" ref="150054727" role=""/>
  <member type="way" ref="175893331" role=""/>
  <member type="way" ref="46272266" role=""/>
  <member type="way" ref="805542139" role=""/>
  <member type="way" ref="1163340721" role=""/>
  <member type="way" ref="1157060276" role=""/>
  <member type="way" ref="1157060277" role=""/>
  <member type="way" ref="1157060273" role=""/>
  <member type="way" ref="27753097" role=""/>
  <member type="way" ref="1352543014" role=""/>
  <member type="way" ref="1157060274" role=""/>
  <member type="way" ref="1352543013" role=""/>
  <member type="way" ref="1165986999" role=""/>
  <member type="way" ref="1157060272" role=""/>
  <member type="way" ref="1157060263" role=""/>
  <member type="way" ref="1157060267" role=""/>
  <member type="way" ref="1157060266" role=""/>
  <member type="way" ref="1157060264" role=""/>
  <member type="way" ref="1157060271" role=""/>
  <member type="way" ref="1157060270" role=""/>
  <member type="way" ref="1123831609" role=""/>
  <member type="way" ref="1123831610" role=""/>
  <member type="way" ref="1352882043" role=""/>
  <member type="way" ref="1352882044" role=""/>
  <member type="way" ref="175893325" role=""/>
  <member type="way" ref="23740187" role=""/>
  <member type="way" ref="1045542173" role=""/>
  <member type="way" ref="1012296926" role=""/>
  <member type="way" ref="1046224242" role=""/>
  <member type="way" ref="23738241" role=""/>
  <member type="way" ref="1046224245" role=""/>
  <member type="way" ref="1046224246" role=""/>
  <member type="way" ref="23759627" role=""/>
  <member type="way" ref="660514466" role=""/>
  <member type="way" ref="660514467" role=""/>
  <member type="way" ref="635396117" role=""/>
  <member type="way" ref="666117227" role=""/>
  <member type="way" ref="635396116" role=""/>
  <member type="way" ref="1053371169" role=""/>
  <member type="way" ref="1165593846" role=""/>
  <member type="way" ref="23759636" role=""/>
  <member type="way" ref="46614444" role=""/>
  <member type="way" ref="23759641" role=""/>
  <member type="way" ref="42279720" role=""/>
  <member type="way" ref="42279722" role=""/>
  <member type="way" ref="1053371170" role=""/>
  <member type="way" ref="285190733" role=""/>
  <member type="way" ref="285190729" role=""/>
  <member type="way" ref="23753924" role=""/>
  <member type="way" ref="1235869998" role=""/>
  <member type="way" ref="25162932" role=""/>
  <member type="way" ref="660926114" role=""/>
  <member type="way" ref="512906049" role=""/>
  <member type="way" ref="1097585148" role=""/>
  <member type="way" ref="20597709" role=""/>
  <member type="way" ref="512906048" role=""/>
  <member type="way" ref="34307378" role=""/>
  <member type="way" ref="1283013791" role=""/>
  <member type="way" ref="1053371172" role=""/>
  <member type="way" ref="20597714" role=""/>
  <member type="way" ref="292691425" role=""/>
  <member type="way" ref="25167100" role=""/>
  <member type="way" ref="1053371171" role=""/>
  <member type="way" ref="318257027" role=""/>
  <member type="way" ref="1090209666" role=""/>
  <member type="way" ref="25167099" role=""/>
  <member type="way" ref="514391420" role=""/>
  <member type="way" ref="176041134" role=""/>
  <member type="way" ref="514548265" role=""/>
  <member type="way" ref="20597670" role=""/>
  <member type="way" ref="176037451" role=""/>
  <member type="way" ref="685923936" role=""/>
  <member type="way" ref="1034931238" role=""/>
  <member type="way" ref="25162927" role=""/>
  <member type="way" ref="508715506" role=""/>
  <member type="way" ref="1039037788" role=""/>
  <member type="way" ref="508715504" role=""/>
  <member type="way" ref="508703462" role=""/>
  <member type="way" ref="508703463" role=""/>
  <member type="way" ref="697624186" role=""/>
  <member type="way" ref="508703470" role=""/>
  <member type="way" ref="149871115" role=""/>
  <member type="way" ref="1103868869" role=""/>
  <member type="way" ref="175872380" role=""/>
  <member type="way" ref="149871113" role=""/>
  <member type="way" ref="1103868871" role=""/>
  <member type="way" ref="959198536" role=""/>
  <member type="way" ref="1102939394" role=""/>
  <member type="way" ref="1012296930" role=""/>
  <member type="way" ref="1013403267" role=""/>
  <member type="way" ref="1012296929" role=""/>
  <member type="way" ref="1012296928" role=""/>
  <member type="way" ref="568633152" role=""/>
  <member type="way" ref="1012296927" role=""/>
  <member type="way" ref="576596399" role=""/>
  <member type="way" ref="1370335913" role=""/>
  <member type="way" ref="502923887" role=""/>
  <member type="way" ref="1509450177" role=""/>
  <member type="way" ref="1509450178" role=""/>
  <member type="way" ref="1509450179" role=""/>
  <member type="way" ref="1509450180" role=""/>
  <member type="way" ref="1509450181" role=""/>
  <member type="way" ref="1509450182" role=""/>
  <member type="way" ref="1509450183" role=""/>
  <member type="way" ref="1509450172" role=""/>
  <member type="way" ref="1509450173" role=""/>
  <member type="way" ref="1509450174" role=""/>
  <member type="way" ref="1309944790" role=""/>
  <member type="way" ref="1451031707" role=""/>
  <member type="way" ref="1528610325" role=""/>
  <tag k="brand" v="Île-de-France Mobilités"/>
  <tag k="colour" v="#FF1400"/>
  <tag k="from" v="Menucourt - La Taillette"/>
  <tag k="name" v="Bus 1238 : Menucourt - La Taillette → Gare de Cergy Préfecture"/>
  <tag k="network" v="Cergy-Pontoise Confluence"/>
  <tag k="network:wikidata" v="Q125748755"/>
  <tag k="network:wikipedia" v="fr:Réseau de bus Cergy-Pontoise Confluence"/>
  <tag k="operator" v="Francilité Seine et Oise"/>
  <tag k="public_transport:version" v="2"/>
  <tag k="ref" v="1238"/>
  <tag k="route" v="bus"/>
  <tag k="to" v="Gare de Cergy Préfecture"/>
  <tag k="type" v="route"/>
 </relation>
 <relation id="7442593" visible="true" version="17" changeset="169196390" timestamp="2025-07-20T13:25:20Z" user="Bernard 88 95" uid="15692211">
  <member type="relation" ref="13552027" role=""/>
  <member type="relation" ref="13552026" role=""/>
  <member type="relation" ref="7441309" role=""/>
  <member type="relation" ref="7442592" role=""/>
  <member type="relation" ref="7459502" role=""/>
  <member type="relation" ref="7460802" role=""/>
  <tag k="brand" v="Île-de-France Mobilités"/>
  <tag k="colour" v="#FF1400"/>
  <tag k="name" v="Bus 1238 : Gare de Cergy Préfecture ↔ Menucourt - La Taillette"/>
  <tag k="network" v="Cergy-Pontoise Confluence"/>
  <tag k="network:wikidata" v="Q125748755"/>
  <tag k="network:wikipedia" v="fr:Réseau de bus Cergy-Pontoise Confluence"/>
  <tag k="old_ref" v="38"/>
  <tag k="operator" v="Francilité Seine et Oise"/>
  <tag k="ref" v="1238"/>
  <tag k="ref:FR:STIF" v="C00766"/>
  <tag k="route_master" v="bus"/>
  <tag k="type" v="route_master"/>
 </relation>
 <relation id="7459502" visible="true" version="42" changeset="183989771" timestamp="2026-06-11T20:49:35Z" user="Furdrien" uid="6696140">
  <member type="node" ref="12915183531" role="platform_entry_only"/>
  <member type="node" ref="12915183526" role="stop_entry_only"/>
  <member type="node" ref="617854938" role="platform"/>
  <member type="node" ref="4932680379" role="stop"/>
  <member type="node" ref="617854913" role="platform"/>
  <member type="node" ref="5000513490" role="stop"/>
  <member type="node" ref="1864425136" role="platform"/>
  <member type="node" ref="5012443618" role="stop"/>
  <member type="node" ref="1864425155" role="platform"/>
  <member type="node" ref="5012489695" role="stop"/>
  <member type="node" ref="1866033588" role="platform"/>
  <member type="node" ref="5025601995" role="stop"/>
  <member type="node" ref="1596018873" role="platform"/>
  <member type="node" ref="5025601994" role="stop"/>
  <member type="node" ref="1866033585" role="platform_exit_only"/>
  <member type="node" ref="5014949457" role="stop_exit_only"/>
  <member type="way" ref="1528610324" role=""/>
  <member type="way" ref="1528610323" role=""/>
  <member type="way" ref="1451032251" role=""/>
  <member type="way" ref="1509450174" role=""/>
  <member type="way" ref="1309944790" role=""/>
  <member type="way" ref="1012296924" role=""/>
  <member type="way" ref="1453857189" role=""/>
  <member type="way" ref="1013403266" role=""/>
  <member type="way" ref="502923116" role=""/>
  <member type="way" ref="502923119" role=""/>
  <member type="way" ref="1411154217" role=""/>
  <member type="way" ref="1102939392" role=""/>
  <member type="way" ref="1103868867" role=""/>
  <member type="way" ref="502923117" role=""/>
  <member type="way" ref="149871111" role=""/>
  <member type="way" ref="1103868866" role=""/>
  <member type="way" ref="175885098" role=""/>
  <member type="way" ref="149871117" role=""/>
  <member type="way" ref="508703464" role=""/>
  <member type="way" ref="508703473" role=""/>
  <member type="way" ref="1039037789" role=""/>
  <member type="way" ref="508703461" role=""/>
  <member type="way" ref="508715508" role=""/>
  <member type="way" ref="1034931244" role=""/>
  <member type="way" ref="508715512" role=""/>
  <member type="way" ref="1034931239" role=""/>
  <member type="way" ref="176037451" role=""/>
  <member type="way" ref="20597670" role=""/>
  <member type="way" ref="514548265" role=""/>
  <member type="way" ref="22468238" role=""/>
  <member type="way" ref="625292029" role=""/>
  <member type="way" ref="56695966" role=""/>
  <member type="way" ref="1388800811" role=""/>
  <member type="way" ref="56695971" role=""/>
  <member type="way" ref="56695973" role=""/>
  <member type="way" ref="1388800812" role=""/>
  <member type="way" ref="625292027" role=""/>
  <member type="way" ref="660515681" role=""/>
  <member type="way" ref="285190721" role=""/>
  <member type="way" ref="1120872557" role=""/>
  <member type="way" ref="1133829156" role=""/>
  <member type="way" ref="1133829155" role=""/>
  <member type="way" ref="967844005" role=""/>
  <member type="way" ref="1229547142" role=""/>
  <member type="way" ref="25167099" role=""/>
  <member type="way" ref="514391420" role=""/>
  <tag k="brand" v="Île-de-France Mobilités"/>
  <tag k="colour" v="#FF1400"/>
  <tag k="from" v="Cergy Préfecture"/>
  <tag k="name" v="Bus 1238 : Gare de Cergy Préfecture → Cergy - Le Port"/>
  <tag k="network" v="Cergy-Pontoise Confluence"/>
  <tag k="network:wikidata" v="Q125748755"/>
  <tag k="operator" v="Francilité Seine et Oise"/>
  <tag k="public_transport:version" v="2"/>
  <tag k="ref" v="1238"/>
  <tag k="route" v="bus"/>
  <tag k="to" v="Cergy - Le Port"/>
  <tag k="type" v="route"/>
 </relation>
 <relation id="7460802" visible="true" version="46" changeset="183989771" timestamp="2026-06-11T20:49:35Z" user="Furdrien" uid="6696140">
  <member type="node" ref="5025601995" role="stop_entry_only"/>
  <member type="node" ref="1866033588" role="platform_entry_only"/>
  <member type="node" ref="5025601994" role="stop"/>
  <member type="node" ref="1596018873" role="platform"/>
  <member type="node" ref="5014949457" role="stop"/>
  <member type="node" ref="1866033585" role="platform"/>
  <member type="node" ref="5012489694" role="stop"/>
  <member type="node" ref="1866033590" role="platform"/>
  <member type="node" ref="5012443619" role="stop"/>
  <member type="node" ref="1866033587" role="platform"/>
  <member type="node" ref="5001665268" role="stop"/>
  <member type="node" ref="617854915" role="platform"/>
  <member type="node" ref="13541861839" role="stop"/>
  <member type="node" ref="13541861840" role="platform"/>
  <member type="node" ref="12915183524" role="stop_exit_only"/>
  <member type="node" ref="12915183530" role="platform_exit_only"/>
  <member type="way" ref="514548265" role=""/>
  <member type="way" ref="22468238" role=""/>
  <member type="way" ref="625292029" role=""/>
  <member type="way" ref="56695966" role=""/>
  <member type="way" ref="1388800811" role=""/>
  <member type="way" ref="56695971" role=""/>
  <member type="way" ref="56695973" role=""/>
  <member type="way" ref="1388800812" role=""/>
  <member type="way" ref="625292027" role=""/>
  <member type="way" ref="660515681" role=""/>
  <member type="way" ref="285190721" role=""/>
  <member type="way" ref="1120872557" role=""/>
  <member type="way" ref="1133829156" role=""/>
  <member type="way" ref="1133829155" role=""/>
  <member type="way" ref="967844005" role=""/>
  <member type="way" ref="1229547142" role=""/>
  <member type="way" ref="25167099" role=""/>
  <member type="way" ref="514391420" role=""/>
  <member type="way" ref="176041134" role=""/>
  <member type="way" ref="514548265" role=""/>
  <member type="way" ref="20597670" role=""/>
  <member type="way" ref="176037451" role=""/>
  <member type="way" ref="685923936" role=""/>
  <member type="way" ref="1034931238" role=""/>
  <member type="way" ref="25162927" role=""/>
  <member type="way" ref="508715506" role=""/>
  <member type="way" ref="1039037788" role=""/>
  <member type="way" ref="508715504" role=""/>
  <member type="way" ref="508703462" role=""/>
  <member type="way" ref="508703463" role=""/>
  <member type="way" ref="697624186" role=""/>
  <member type="way" ref="508703470" role=""/>
  <member type="way" ref="149871115" role=""/>
  <member type="way" ref="1103868869" role=""/>
  <member type="way" ref="175872380" role=""/>
  <member type="way" ref="149871113" role=""/>
  <member type="way" ref="1103868871" role=""/>
  <member type="way" ref="959198536" role=""/>
  <member type="way" ref="1102939394" role=""/>
  <member type="way" ref="1012296930" role=""/>
  <member type="way" ref="1013403267" role=""/>
  <member type="way" ref="1012296929" role=""/>
  <member type="way" ref="1012296928" role=""/>
  <member type="way" ref="568633152" role=""/>
  <member type="way" ref="1012296927" role=""/>
  <member type="way" ref="576596399" role=""/>
  <member type="way" ref="1370335913" role=""/>
  <member type="way" ref="502923887" role=""/>
  <member type="way" ref="1509450177" role=""/>
  <member type="way" ref="1509450178" role=""/>
  <member type="way" ref="1509450179" role=""/>
  <member type="way" ref="1509450180" role=""/>
  <member type="way" ref="1509450181" role=""/>
  <member type="way" ref="1509450182" role=""/>
  <member type="way" ref="1509450183" role=""/>
  <member type="way" ref="1509450172" role=""/>
  <member type="way" ref="1509450173" role=""/>
  <member type="way" ref="1509450174" role=""/>
  <member type="way" ref="1309944790" role=""/>
  <member type="way" ref="1451031707" role=""/>
  <member type="way" ref="1528610325" role=""/>
  <tag k="brand" v="Île-de-France Mobilités"/>
  <tag k="colour" v="#FF1400"/>
  <tag k="from" v="Cergy - Lozier"/>
  <tag k="name" v="Bus 1238 : Cergy - Lozier → Gare de Cergy Préfecture"/>
  <tag k="network" v="Cergy-Pontoise Confluence"/>
  <tag k="network:wikidata" v="Q125748755"/>
  <tag k="network:wikipedia" v="fr:Réseau de bus Cergy-Pontoise Confluence"/>
  <tag k="operator" v="Francilité Seine et Oise"/>
  <tag k="public_transport:version" v="2"/>
  <tag k="ref" v="1238"/>
  <tag k="route" v="bus"/>
  <tag k="to" v="Gare de Cergy Préfecture"/>
  <tag k="type" v="route"/>
 </relation>
 <relation id="10694715" visible="true" version="2" changeset="141900760" timestamp="2023-09-29T08:23:11Z" user="cat_mapping2" uid="9715697">
  <member type="way" ref="102980143" role="outer"/>
  <member type="way" ref="102978590" role="outer"/>
  <member type="way" ref="102982379" role="outer"/>
  <member type="way" ref="102975024" role="outer"/>
  <member type="way" ref="102984133" role="outer"/>
  <tag k="amenity" v="social_centre"/>
  <tag k="building" v="yes"/>
  <tag k="building:colour" v="black"/>
  <tag k="name" v="La Turbine"/>
  <tag k="type" v="multipolygon"/>
 </relation>
 <relation id="11742838" visible="true" version="2" changeset="128651261" timestamp="2022-11-08T17:38:42Z" user="Furdrien" uid="6696140">
  <member type="way" ref="48436791" role="street"/>
  <member type="way" ref="48420191" role="street"/>
  <member type="way" ref="1111573108" role="street"/>
  <member type="way" ref="48420190" role="street"/>
  <member type="way" ref="1111573107" role="street"/>
  <member type="node" ref="7996794748" role="house"/>
  <member type="node" ref="7996794735" role="house"/>
  <member type="node" ref="7996794751" role="house"/>
  <member type="node" ref="7996794738" role="house"/>
  <member type="node" ref="7996794725" role="house"/>
  <member type="node" ref="7996794742" role="house"/>
  <member type="node" ref="7996794733" role="house"/>
  <member type="node" ref="7996794750" role="house"/>
  <member type="node" ref="7996794737" role="house"/>
  <member type="node" ref="7996794723" role="house"/>
  <member type="node" ref="7996794726" role="house"/>
  <member type="node" ref="7996794743" role="house"/>
  <member type="node" ref="7996794731" role="house"/>
  <member type="node" ref="7996794741" role="house"/>
  <member type="node" ref="7996794729" role="house"/>
  <member type="node" ref="7996794740" role="house"/>
  <member type="node" ref="7996794728" role="house"/>
  <member type="node" ref="7996794747" role="house"/>
  <member type="node" ref="7996794734" role="house"/>
  <member type="node" ref="7996794745" role="house"/>
  <member type="node" ref="7996794732" role="house"/>
  <member type="node" ref="7996794749" role="house"/>
  <member type="node" ref="7996794736" role="house"/>
  <member type="node" ref="7996794752" role="house"/>
  <member type="node" ref="7996794739" role="house"/>
  <member type="node" ref="7996794727" role="house"/>
  <member type="node" ref="7996794746" role="house"/>
  <member type="node" ref="7996794724" role="house"/>
  <member type="node" ref="7996794744" role="house"/>
  <member type="node" ref="7996794730" role="house"/>
  <tag k="name" v="Allée de l'Isara"/>
  <tag k="type" v="associatedStreet"/>
 </relation>
 <relation id="11743178" visible="true" version="11" changeset="168352589" timestamp="2025-07-01T12:51:59Z" user="simon_geovelo" uid="6654756">
  <member type="node" ref="7997075902" role="house"/>
  <member type="node" ref="7997075897" role="house"/>
  <member type="node" ref="7997075895" role="house"/>
  <member type="node" ref="7997075901" role="house"/>
  <member type="node" ref="7997075894" role="house"/>
  <member type="node" ref="7997075907" role="house"/>
  <member type="node" ref="7997075899" role="house"/>
  <member type="node" ref="7997075896" role="house"/>
  <member type="node" ref="7997075906" role="house"/>
  <member type="node" ref="7997075898" role="house"/>
  <member type="node" ref="7997075905" role="house"/>
  <member type="node" ref="7997075900" role="house"/>
  <member type="node" ref="7997075903" role="house"/>
  <member type="node" ref="7997075904" role="house"/>
  <member type="way" ref="461243011" role="street"/>
  <member type="way" ref="461243010" role="street"/>
  <member type="way" ref="1012296896" role="street"/>
  <member type="way" ref="1013403242" role="street"/>
  <member type="way" ref="1102939402" role="street"/>
  <member type="way" ref="5211573" role="street"/>
  <member type="way" ref="1026359471" role="street"/>
  <member type="way" ref="1012296905" role="street"/>
  <member type="way" ref="1013403261" role="street"/>
  <member type="way" ref="1102939401" role="street"/>
  <member type="way" ref="461219253" role="street"/>
  <member type="way" ref="461219255" role="street"/>
  <member type="way" ref="461243013" role="street"/>
  <member type="way" ref="175873563" role="street"/>
  <member type="way" ref="727051825" role="street"/>
  <member type="way" ref="175861710" role="street"/>
  <member type="way" ref="175873560" role="street"/>
  <member type="way" ref="1102939403" role="street"/>
  <member type="way" ref="1013403260" role="street"/>
  <member type="way" ref="1012296897" role="street"/>
  <member type="way" ref="1012296898" role="street"/>
  <member type="way" ref="1012296899" role="street"/>
  <member type="way" ref="1411158147" role="street"/>
  <member type="way" ref="5211574" role="street"/>
  <member type="way" ref="832172192" role="street"/>
  <member type="way" ref="1315533773" role="street"/>
  <member type="way" ref="1315533772" role="street"/>
  <member type="way" ref="1026359475" role="street"/>
  <member type="way" ref="1102939404" role="street"/>
  <member type="way" ref="20597673" role="street"/>
  <member type="way" ref="1108788237" role="street"/>
  <member type="way" ref="508719738" role="street"/>
  <member type="way" ref="1102939389" role="street"/>
  <member type="way" ref="959193243" role="street"/>
  <member type="way" ref="176167768" role="street"/>
  <member type="way" ref="508719741" role="street"/>
  <member type="way" ref="508719740" role="street"/>
  <member type="way" ref="1026359473" role="street"/>
  <member type="way" ref="1102939406" role="street"/>
  <member type="way" ref="1315533777" role="street"/>
  <member type="way" ref="1315533776" role="street"/>
  <member type="way" ref="660514478" role="street"/>
  <member type="way" ref="1102939386" role="street"/>
  <member type="way" ref="1102939387" role="street"/>
  <member type="way" ref="508715520" role="street"/>
  <member type="way" ref="508715513" role="street"/>
  <member type="way" ref="1102939388" role="street"/>
  <member type="way" ref="508715547" role="street"/>
  <member type="way" ref="660514474" role="street"/>
  <member type="way" ref="660514476" role="street"/>
  <member type="way" ref="20597696" role="street"/>
  <member type="way" ref="365891440" role="street"/>
  <member type="way" ref="1034931239" role="street"/>
  <member type="way" ref="176037451" role="street"/>
  <member type="way" ref="685923936" role="street"/>
  <member type="way" ref="1034931238" role="street"/>
  <member type="way" ref="176041131" role="street"/>
  <member type="way" ref="20597670" role="street"/>
  <member type="way" ref="514548265" role="street"/>
  <member type="way" ref="22468238" role="street"/>
  <tag k="name" v="Boulevard du Port"/>
  <tag k="type" v="associatedStreet"/>
 </relation>
 <relation id="13552027" visible="true" version="25" changeset="183989771" timestamp="2026-06-11T20:49:35Z" user="Furdrien" uid="6696140">
  <member type="node" ref="12915183531" role="platform"/>
  <member type="node" ref="12915183526" role="stop"/>
  <member type="node" ref="617854938" role="platform"/>
  <member type="node" ref="4932680379" role="stop"/>
  <member type="node" ref="617854913" role="platform"/>
  <member type="node" ref="5000513490" role="stop"/>
  <member type="node" ref="1864425136" role="platform"/>
  <member type="node" ref="5012443618" role="stop"/>
  <member type="node" ref="1864425155" role="platform"/>
  <member type="node" ref="5012489695" role="stop"/>
  <member type="node" ref="4596696547" role="platform"/>
  <member type="node" ref="5012489693" role="stop"/>
  <member type="node" ref="1864425142" role="platform"/>
  <member type="node" ref="5012557778" role="stop"/>
  <member type="node" ref="1535565653" role="platform"/>
  <member type="node" ref="5012557776" role="stop"/>
  <member type="node" ref="1864444107" role="platform"/>
  <member type="node" ref="5012557774" role="stop"/>
  <member type="node" ref="1864444097" role="platform"/>
  <member type="node" ref="5012557773" role="stop"/>
  <member type="node" ref="1864444103" role="platform"/>
  <member type="node" ref="4993922814" role="stop"/>
  <member type="node" ref="307714867" role="platform_exit_only"/>
  <member type="node" ref="4995222198" role="stop_exit_only"/>
  <member type="way" ref="1528610324" role=""/>
  <member type="way" ref="1528610323" role=""/>
  <member type="way" ref="1451032251" role=""/>
  <member type="way" ref="1509450174" role=""/>
  <member type="way" ref="1309944790" role=""/>
  <member type="way" ref="1012296924" role=""/>
  <member type="way" ref="1453857189" role=""/>
  <member type="way" ref="1013403266" role=""/>
  <member type="way" ref="502923116" role=""/>
  <member type="way" ref="502923119" role=""/>
  <member type="way" ref="1411154217" role=""/>
  <member type="way" ref="1102939392" role=""/>
  <member type="way" ref="1103868867" role=""/>
  <member type="way" ref="502923117" role=""/>
  <member type="way" ref="149871111" role=""/>
  <member type="way" ref="1103868866" role=""/>
  <member type="way" ref="175885098" role=""/>
  <member type="way" ref="149871117" role=""/>
  <member type="way" ref="508703464" role=""/>
  <member type="way" ref="508703473" role=""/>
  <member type="way" ref="1039037789" role=""/>
  <member type="way" ref="508703461" role=""/>
  <member type="way" ref="508715508" role=""/>
  <member type="way" ref="1034931244" role=""/>
  <member type="way" ref="508715512" role=""/>
  <member type="way" ref="1034931239" role=""/>
  <member type="way" ref="176037451" role=""/>
  <member type="way" ref="20597700" role=""/>
  <member type="way" ref="175885101" role=""/>
  <member type="way" ref="292691423" role=""/>
  <member type="way" ref="20597714" role=""/>
  <member type="way" ref="1053371172" role=""/>
  <member type="way" ref="512906051" role=""/>
  <member type="way" ref="20597716" role=""/>
  <member type="way" ref="24704831" role=""/>
  <member type="way" ref="678252928" role=""/>
  <member type="way" ref="678467296" role=""/>
  <member type="way" ref="285190729" role=""/>
  <member type="way" ref="285190733" role=""/>
  <member type="way" ref="1053371170" role=""/>
  <member type="way" ref="42279722" role=""/>
  <member type="way" ref="42279721" role=""/>
  <member type="way" ref="23759641" role=""/>
  <member type="way" ref="46614444" role=""/>
  <member type="way" ref="23759636" role=""/>
  <member type="way" ref="1165593846" role=""/>
  <member type="way" ref="1053371169" role=""/>
  <member type="way" ref="635396115" role=""/>
  <member type="way" ref="666117227" role=""/>
  <member type="way" ref="635396118" role=""/>
  <member type="way" ref="660514467" role=""/>
  <member type="way" ref="660514466" role=""/>
  <member type="way" ref="23759627" role=""/>
  <member type="way" ref="1046224246" role=""/>
  <member type="way" ref="1046224247" role=""/>
  <member type="way" ref="23738241" role=""/>
  <member type="way" ref="1046224242" role=""/>
  <tag k="brand" v="Île-de-France Mobilités"/>
  <tag k="colour" v="#FF1400"/>
  <tag k="from" v="Gare de Cergy Préfecture"/>
  <tag k="name" v="Bus 1238 : Gare de Cergy Préfecture → Vauréal - La Croix Lieux"/>
  <tag k="network" v="Cergy-Pontoise Confluence"/>
  <tag k="network:wikidata" v="Q125748755"/>
  <tag k="network:wikipedia" v="fr:Réseau de bus Cergy-Pontoise Confluence"/>
  <tag k="operator" v="Francilité Seine et Oise"/>
  <tag k="public_transport:version" v="2"/>
  <tag k="ref" v="1238"/>
  <tag k="route" v="bus"/>
  <tag k="to" v="Vauréal - La Croix Lieux"/>
  <tag k="type" v="route"/>
 </relation>
 <relation id="14352438" visible="true" version="4" changeset="145996172" timestamp="2024-01-07T15:38:22Z" user="Furdrien" uid="6696140">
  <member type="way" ref="1013519426" role="outer"/>
  <member type="way" ref="959149653" role="outer"/>
  <member type="way" ref="1013519427" role="outer"/>
  <member type="way" ref="1237801401" role="outer"/>
  <member type="way" ref="1078494637" role="outer"/>
  <member type="way" ref="49875884" role="outer"/>
  <member type="way" ref="1078494639" role="outer"/>
  <member type="way" ref="251893126" role="outer"/>
  <member type="way" ref="42454895" role="outer"/>
  <member type="way" ref="42454546" role="outer"/>
  <member type="way" ref="719708431" role="outer"/>
  <member type="way" ref="24704830" role="outer"/>
  <member type="way" ref="1229444131" role="outer"/>
  <member type="way" ref="20597719" role="outer"/>
  <member type="way" ref="1078494633" role="outer"/>
  <member type="way" ref="905137592" role="outer"/>
  <member type="way" ref="1078494632" role="outer"/>
  <member type="way" ref="176037451" role="outer"/>
  <member type="way" ref="1111573103" role="outer"/>
  <member type="way" ref="13859325" role="outer"/>
  <member type="way" ref="1111573102" role="outer"/>
  <member type="way" ref="1111573116" role="outer"/>
  <member type="way" ref="1111573117" role="outer"/>
  <member type="way" ref="1111573122" role="outer"/>
  <member type="way" ref="1078494631" role="outer"/>
  <member type="way" ref="1078494627" role="outer"/>
  <member type="way" ref="1078494626" role="outer"/>
  <member type="way" ref="449358499" role="outer"/>
  <member type="way" ref="33718831" role="outer"/>
  <member type="way" ref="1078494636" role="outer"/>
  <member type="way" ref="24250422" role="outer"/>
  <member type="way" ref="24250421" role="outer"/>
  <tag k="admin_level" v="10"/>
  <tag k="admin_type:FR" v="quartier"/>
  <tag k="boundary" v="administrative"/>
  <tag k="name" v="Grand Centre"/>
  <tag k="type" v="boundary"/>
 </relation>
 <relation id="14352439" visible="true" version="5" changeset="152139105" timestamp="2024-06-01T21:28:41Z" user="Furdrien" uid="6696140">
  <member type="way" ref="34790838" role="outer"/>
  <member type="way" ref="493452320" role="outer"/>
  <member type="way" ref="1111573121" role="outer"/>
  <member type="way" ref="21897496" role="outer"/>
  <member type="way" ref="31314574" role="outer"/>
  <member type="way" ref="1078494629" role="outer"/>
  <member type="way" ref="1078494628" role="outer"/>
  <member type="way" ref="33718826" role="outer"/>
  <member type="way" ref="33718821" role="outer"/>
  <member type="way" ref="165073138" role="outer"/>
  <member type="way" ref="165073137" role="outer"/>
  <member type="way" ref="1078494647" role="outer"/>
  <member type="way" ref="1078494648" role="outer"/>
  <member type="way" ref="1078494649" role="outer"/>
  <member type="way" ref="1078494650" role="outer"/>
  <member type="way" ref="660516391" role="outer"/>
  <member type="way" ref="271716203" role="outer"/>
  <member type="way" ref="1078494642" role="outer"/>
  <member type="way" ref="1078494643" role="outer"/>
  <member type="way" ref="25163262" role="outer"/>
  <member type="way" ref="1235869997" role="outer"/>
  <member type="way" ref="1078494641" role="outer"/>
  <member type="way" ref="42755016" role="outer"/>
  <member type="way" ref="42755017" role="outer"/>
  <member type="way" ref="274062946" role="outer"/>
  <member type="way" ref="25162935" role="outer"/>
  <member type="way" ref="25162934" role="outer"/>
  <member type="way" ref="25162931" role="outer"/>
  <member type="way" ref="25162930" role="outer"/>
  <member type="way" ref="512906048" role="outer"/>
  <member type="way" ref="5211588" role="outer"/>
  <member type="way" ref="719708431" role="outer"/>
  <member type="way" ref="24704830" role="outer"/>
  <member type="way" ref="1229444131" role="outer"/>
  <member type="way" ref="20597719" role="outer"/>
  <member type="way" ref="1078494633" role="outer"/>
  <member type="way" ref="905137592" role="outer"/>
  <member type="way" ref="1078494632" role="outer"/>
  <member type="way" ref="176037451" role="outer"/>
  <member type="way" ref="1111573103" role="outer"/>
  <member type="way" ref="13859325" role="outer"/>
  <member type="way" ref="1111573102" role="outer"/>
  <member type="way" ref="1111573116" role="outer"/>
  <member type="way" ref="1111573117" role="outer"/>
  <member type="way" ref="1111573122" role="outer"/>
  <member type="way" ref="1078494631" role="outer"/>
  <member type="way" ref="1078494630" role="outer"/>
  <tag k="admin_level" v="10"/>
  <tag k="admin_type:FR" v="quartier"/>
  <tag k="boundary" v="administrative"/>
  <tag k="name" v="Bords d'Oise"/>
  <tag k="type" v="boundary"/>
 </relation>
 <relation id="16812468" visible="true" version="5" changeset="161422610" timestamp="2025-01-16T15:03:45Z" user="Furdrien" uid="6696140">
  <member type="way" ref="1230680693" role="outer"/>
  <member type="way" ref="1230449214" role="outer"/>
  <member type="way" ref="1336790448" role="outer"/>
  <member type="way" ref="1336790447" role="outer"/>
  <member type="way" ref="1336790446" role="outer"/>
  <member type="way" ref="1336790445" role="outer"/>
  <member type="way" ref="1336790436" role="outer"/>
  <member type="way" ref="1336790435" role="outer"/>
  <member type="way" ref="1230680697" role="outer"/>
  <member type="way" ref="1336790444" role="outer"/>
  <member type="way" ref="1336790443" role="outer"/>
  <member type="way" ref="1230680696" role="outer"/>
  <member type="way" ref="1336790442" role="outer"/>
  <member type="way" ref="1336790441" role="outer"/>
  <member type="way" ref="1336790440" role="outer"/>
  <member type="way" ref="1336790439" role="outer"/>
  <member type="way" ref="1336790438" role="outer"/>
  <member type="way" ref="1336790437" role="outer"/>
  <member type="way" ref="1230449215" role="outer"/>
  <member type="way" ref="1230680695" role="outer"/>
  <member type="way" ref="1336790450" role="outer"/>
  <member type="way" ref="1336790449" role="outer"/>
  <member type="way" ref="1334247416" role="outer"/>
  <member type="way" ref="1334247396" role="outer"/>
  <member type="way" ref="1351841698" role="outer"/>
  <member type="way" ref="20618747" role="outer"/>
  <member type="way" ref="1334247358" role="outer"/>
  <member type="way" ref="1334247360" role="outer"/>
  <member type="way" ref="1334247361" role="outer"/>
  <member type="way" ref="1334247452" role="outer"/>
  <member type="way" ref="1334247449" role="outer"/>
  <member type="way" ref="1334247384" role="outer"/>
  <member type="way" ref="1334247453" role="outer"/>
  <member type="way" ref="1334247454" role="outer"/>
  <member type="way" ref="1334247406" role="outer"/>
  <member type="way" ref="1336790386" role="outer"/>
  <member type="way" ref="1334247407" role="outer"/>
  <member type="way" ref="1334247455" role="outer"/>
  <member type="way" ref="1334247456" role="outer"/>
  <member type="way" ref="1334247457" role="outer"/>
  <member type="way" ref="1334247458" role="outer"/>
  <member type="way" ref="1334247459" role="outer"/>
  <member type="way" ref="1334247425" role="outer"/>
  <member type="way" ref="1336790387" role="outer"/>
  <member type="way" ref="1336790388" role="outer"/>
  <member type="way" ref="1336790389" role="outer"/>
  <member type="way" ref="1334247426" role="outer"/>
  <member type="way" ref="1334247427" role="outer"/>
  <member type="way" ref="1334247428" role="outer"/>
  <member type="way" ref="1334247423" role="outer"/>
  <member type="way" ref="1334247403" role="outer"/>
  <member type="way" ref="1334247413" role="outer"/>
  <member type="way" ref="1334247418" role="outer"/>
  <member type="way" ref="1336790430" role="outer"/>
  <member type="way" ref="1336790431" role="outer"/>
  <member type="way" ref="1334247417" role="outer"/>
  <member type="way" ref="1334247402" role="outer"/>
  <member type="way" ref="1334247400" role="outer"/>
  <member type="way" ref="1334247422" role="outer"/>
  <member type="way" ref="1334247421" role="outer"/>
  <member type="way" ref="1334247419" role="outer"/>
  <member type="way" ref="1334247424" role="outer"/>
  <tag k="addr:city" v="CERGY"/>
  <tag k="addr:postcode" v="95000"/>
  <tag k="alt_name" v="Parc de la Préfecture"/>
  <tag k="leisure" v="park"/>
  <tag k="name" v="Parc François Mitterrand"/>
  <tag k="type" v="multipolygon"/>
 </relation>
 <relation id="18316737" visible="true" version="2" changeset="159516578" timestamp="2024-11-23T22:39:04Z" user="Furdrien" uid="6696140">
  <member type="way" ref="1230680696" role="outer"/>
  <member type="way" ref="1336790454" role="outer"/>
  <member type="way" ref="1336790459" role="outer"/>
  <member type="way" ref="1336790442" role="outer"/>
  <member type="way" ref="1336790453" role="outer"/>
  <member type="way" ref="1336790433" role="outer"/>
  <member type="way" ref="1230680697" role="outer"/>
  <member type="way" ref="1336790444" role="outer"/>
  <member type="way" ref="1336790461" role="outer"/>
  <member type="way" ref="1336790455" role="outer"/>
  <member type="way" ref="1336790458" role="outer"/>
  <member type="way" ref="1336790440" role="outer"/>
  <member type="way" ref="1336790438" role="outer"/>
  <member type="way" ref="1336790456" role="outer"/>
  <member type="way" ref="1230449215" role="outer"/>
  <member type="way" ref="1336790457" role="outer"/>
  <member type="way" ref="1336790434" role="outer"/>
  <member type="way" ref="1230680695" role="outer"/>
  <member type="way" ref="1336790445" role="outer"/>
  <member type="way" ref="1336790452" role="outer"/>
  <member type="way" ref="1230449214" role="outer"/>
  <member type="way" ref="1230680693" role="outer"/>
  <member type="way" ref="1336790447" role="outer"/>
  <member type="way" ref="1336790451" role="outer"/>
  <member type="way" ref="1336790436" role="outer"/>
  <member type="way" ref="1336790460" role="outer"/>
  <member type="way" ref="1336790449" role="outer"/>
  <tag k="landuse" v="grass"/>
  <tag k="type" v="multipolygon"/>
 </relation>
 <relation id="18316738" visible="true" version="1" changeset="159451176" timestamp="2024-11-22T09:59:23Z" user="Furdrien" uid="6696140">
  <member type="way" ref="1336790451" role="outer"/>
  <member type="way" ref="1336790446" role="outer"/>
  <member type="way" ref="1336790452" role="outer"/>
  <member type="way" ref="1336790448" role="outer"/>
  <tag k="highway" v="pedestrian"/>
  <tag k="surface" v="concrete"/>
  <tag k="type" v="multipolygon"/>
 </relation>
</osm>
